source1_entity_id	matched_entity_ids
S1-100460794	S3-39738424,S3-518174802,S3-54147800,S3-678065754,S3-894151520,S3-991529200
S1-101740731	
S1-103295692	S2-356566482,S2-779844621,S3-142247088,S3-29809433
S1-104767232	S3-642084781,S3-757278397,S3-760242664,S3-920343196
S1-105975825	S3-406538475
S1-108644217	S2-373539812,S3-191743557,S3-533937383,S3-584983973,S3-660396273,S3-696295096,S3-702464792,S3-706017122,S3-726683008,S3-861359664,S3-866383999,S3-87593205,S3-912837132,S3-929598304,S3-994211823
S1-109641889	S3-138275598,S3-331222248,S3-482767362,S3-705291186
S1-10981175	S3-392555379,S3-65079300,S3-72778282
S1-114167540	S2-168824038
S1-116213562	S3-35881556,S3-586997209,S3-631607322
S1-118654142	S2-435921074,S3-995946074
S1-122018139	S3-550858432
S1-122342758	S2-274074893,S3-979597166
S1-125952499	S3-115597693,S3-154002906,S3-320754292,S3-354647726,S3-36579243,S3-472718915,S3-564765779,S3-621610663,S3-646376127,S3-677482512,S3-705592439,S3-746284474,S3-809068718,S3-809585030,S3-832085857,S3-908616981
S1-128375300	S3-363054273
S1-131816947	S3-320590225,S3-597489312
S1-13263134	S3-664324372,S3-717696274,S3-730396394,S3-77911153,S3-802866576,S3-823910695,S3-881391920,S3-919056864
S1-133928599	
S1-13451015	S2-385906219,S3-109157364,S3-133657989,S3-146066219,S3-209177748,S3-226331174,S3-22680671,S3-325971953,S3-330278908,S3-364203803,S3-382745153,S3-415575161,S3-521448742,S3-539049836,S3-562343352,S3-566117322,S3-586960816,S3-588080040,S3-60798280,S3-610706981,S3-61732289,S3-622872775,S3-653908585,S3-66787399,S3-689951623,S3-744954476,S3-778480659,S3-78782474,S3-799988396,S3-862678620,S3-91131685,S3-938063573,S3-972396520
S1-135099760	S3-194751530,S3-256540012,S3-487834094,S3-511232526
S1-136137906	S3-774378995
S1-13725965	S2-232302910,S3-793400303
S1-137870529	S3-189063698,S3-249612445,S3-265660069,S3-523848016,S3-587236626,S3-629381135,S3-660486984,S3-700591692,S3-813051718,S3-817842672
S1-139372519	S3-397220590
S1-141216441	S3-23552276,S3-757516597
S1-142638295	S3-662079071
S1-143143410	S3-197531127,S3-298508886,S3-465849108,S3-472914593,S3-636998821,S3-690828536,S3-849953522,S3-906081604,S3-923060750
S1-145229828	
S1-14679085	S3-156570813
S1-147450568	S3-141569121,S3-288550148
S1-149277660	S3-476927421,S3-529981457,S3-741185976,S3-82184737,S3-937537010
S1-149411806	S2-637349722
S1-150365666	S3-143873305,S3-200770863,S3-301490415,S3-438475991,S3-627039120,S3-724211790,S3-879951555
S1-150486795	
S1-151657300	S3-111128155,S3-377157946,S3-629846723,S3-829732393
S1-152365295	S3-760205276
S1-154703303	S3-19235628,S3-296470454,S3-487684780,S3-552978461,S3-652058068,S3-766438096
S1-155512047	S2-383030202,S2-93749685,S2-948395271,S3-120168094,S3-169347709,S3-238202772,S3-341874857,S3-389294663,S3-390018514,S3-419457769,S3-435408489,S3-512052976,S3-520180941,S3-54161840,S3-580961280,S3-708914976,S3-795234301,S3-810377154,S3-815592505,S3-904665529,S3-909405328
S1-156285671	S3-788875930,S3-871416040
S1-156481503	S3-308351951,S3-337897003
S1-156685442	S3-121481713,S3-645306560,S3-834072455
S1-157009161	S3-41745979,S3-763317361
S1-159314474	S3-743285800
S1-162695461	
S1-163450525	S3-563046599
S1-165104436	S3-64068723,S3-758644388
S1-165612846	S3-555912590,S3-70320787,S3-753712133
S1-168402024	S3-284046171
S1-168549051	S2-290451243,S3-21519205,S3-789515434,S3-85769081,S3-925743345
S1-16940394	
S1-17003766	S3-123488718,S3-137010634,S3-138683896,S3-211741312,S3-297872373,S3-386853946,S3-422891367,S3-453631187,S3-603543727,S3-68837364,S3-714994502,S3-767647546,S3-863198965,S3-883709464,S3-978724802
S1-171098288	S2-713264333,S3-120430418,S3-147596039,S3-274346960,S3-29157747,S3-397727049,S3-449504677,S3-550491284,S3-554929977,S3-604198134,S3-628164613,S3-680658055,S3-805072834,S3-931415650,S3-980300564
S1-172127346	S3-396036126
S1-17339381	S3-581968427,S3-894856546,S3-974717877
S1-177193455	S3-142644484,S3-169886242,S3-200736650,S3-280830467,S3-285261956,S3-426824383,S3-550159915,S3-567378226,S3-637856829,S3-661899923,S3-733770089,S3-903061550,S3-948414091
S1-178572489	S2-6815124,S3-174586283
S1-179536424	S3-572261521
S1-182502875	S3-253568336,S3-270198438,S3-301591414,S3-389900063,S3-442749154,S3-473798904,S3-522785356,S3-53816655,S3-568983988,S3-697729335,S3-75074121,S3-751286109,S3-778572366,S3-781396168,S3-922753681,S3-992475851
S1-184077174	S3-18016421,S3-372941318,S3-595120597,S3-783988157
S1-184984458	S3-685622034
S1-18602285	S2-391037264,S2-867838584,S3-668294824
S1-186556282	S3-823015683
S1-188567558	S3-140542637,S3-979039903
S1-191580834	S3-372976328,S3-542413395,S3-724521177,S3-861690742,S3-878152275
S1-191634263	S3-139410066
S1-194343073	S3-295844299,S3-532186946,S3-629388760,S3-680945471,S3-72760516,S3-798768550,S3-856986374
S1-197043206	S3-192291597,S3-404963448,S3-777728638,S3-889879047
S1-197280203	S2-710830485,S3-170709433,S3-196448313,S3-240711446,S3-441998803,S3-453347329,S3-484763360,S3-631146464,S3-735498564,S3-781414135,S3-850847840,S3-982991317
S1-197981349	S3-157798330
S1-199060579	S3-360532996,S3-746221353
S1-200079725	S3-492438082
S1-201589786	S2-498719715
S1-201956901	S3-318525090,S3-49623872,S3-524427616,S3-569826832,S3-636045943,S3-636276492,S3-819297018,S3-829806505,S3-847341678
S1-202627015	S2-132805742,S2-155911543,S2-297579015,S2-530247686,S3-137566967,S3-142157020,S3-147266750,S3-16181684,S3-175605673,S3-197565093,S3-218893710,S3-25756496,S3-269850462,S3-287971626,S3-326831059,S3-357181511,S3-371579648,S3-43257763,S3-508502070,S3-558983231,S3-597393841,S3-64079929,S3-715859049,S3-754466795,S3-811847612,S3-855506039,S3-884863015,S3-93552589,S3-939235086,S3-953610466,S3-980181797,S3-988450720,S3-989292857
S1-202654102	
S1-203076519	S3-747130104
S1-204464643	S3-118977647,S3-267509120
S1-204942299	S3-404589516,S3-688211677,S3-850297089
S1-205556070	S3-12995531,S3-672470239,S3-703777878,S3-784458372
S1-206502637	S3-110804775,S3-176722262,S3-343039314,S3-354833356,S3-38449477,S3-571824770,S3-614231051,S3-742115146,S3-93232430
S1-207070582	S3-165252290,S3-348674588,S3-36401978
S1-207369509	S3-691632585
S1-207804143	S3-387871998
S1-210978493	S3-478844941,S3-608696109
S1-211227284	S3-342837464,S3-546575817,S3-699543799,S3-889065055
S1-212231406	S3-230255615,S3-234738580
S1-21237982	S3-119517750,S3-183896900,S3-198392106,S3-215543583,S3-278214200,S3-502450288,S3-642531720,S3-646860274,S3-7782820,S3-784489510,S3-818216031,S3-979024025,S3-992528350
S1-215948660	S3-303047762,S3-542881214,S3-674236789
S1-218107486	
S1-218695538	S2-755361067,S3-840397951
S1-219817042	
S1-220921987	S3-545584600,S3-588639897,S3-643370688,S3-775145668,S3-885817023
S1-221315364	S2-551865584
S1-223059131	S2-171968922,S3-131060168,S3-208624900,S3-255848242,S3-337398142,S3-44546765,S3-471478410,S3-486992111,S3-500733886,S3-53832013,S3-560342662,S3-563682287,S3-585710573,S3-626094300,S3-712857920,S3-776309889,S3-847929909,S3-849473619,S3-892756073,S3-915286052,S3-969432331
S1-224371638	S2-285415221,S3-187271291,S3-374362849,S3-495630938,S3-607952474,S3-711758180,S3-969834626
S1-224954566	S3-936273237
S1-225796865	S3-367785736,S3-574824278,S3-586294198,S3-594194597,S3-852590461,S3-982477799
S1-225821819	S3-131385733,S3-132352971,S3-157104007,S3-191020977,S3-194951299,S3-285755497,S3-568111631,S3-617611218,S3-617920810,S3-626166896,S3-779132326,S3-934040884
S1-227222686	S3-452925541
S1-228177533	S2-713264333,S3-157457048,S3-297311197,S3-337830162,S3-38675025,S3-489948450,S3-60303669,S3-603199316,S3-67564538,S3-971157798,S3-975063380
S1-229872103	S3-591161198,S3-765007890,S3-829677958
S1-230616179	S3-712100070
S1-230813348	S3-289492420,S3-584975995
S1-232163492	S3-254307520,S3-306534502,S3-312012432,S3-327248772,S3-328590877,S3-411705206,S3-583558309,S3-606573642,S3-611963838
S1-232204608	S2-609082659,S3-540561154
S1-233846577	
S1-235658619	S3-33946707,S3-559853611,S3-724336909,S3-923197980
S1-235684588	
S1-236185281	
S1-237497188	S3-408614827,S3-535971810,S3-638011274,S3-650436149,S3-912463651
S1-239475266	S3-600835018,S3-609532051
S1-240218187	S3-188805051,S3-51512757,S3-565160911,S3-662781911,S3-875653241,S3-879003920
S1-240414034	S3-104414471,S3-235249310,S3-252977477,S3-383492855,S3-401022861,S3-837972700,S3-961268794
S1-241040514	S2-177265310,S2-839529,S3-204099251,S3-24315907,S3-248096488,S3-286211642,S3-3945405,S3-427296983,S3-475801178,S3-489888527,S3-569100963,S3-683923304,S3-746459180,S3-984038827
S1-241547898	S3-132377685,S3-188576630,S3-241890837,S3-381840117,S3-799586325
S1-242765065	S3-419547727,S3-548799463
S1-243317267	S3-670998686,S3-771953016
S1-246219023	S3-104164057,S3-332061087,S3-415254777,S3-906178731,S3-941177193
S1-246771260	S2-117274539,S2-370881176,S2-54784887,S3-541314746
S1-247228116	S3-212627730,S3-821338841,S3-983919838
S1-248290307	S3-250303114,S3-302126693
S1-248931969	S3-315992063,S3-475316081
S1-252068059	S3-415739584
S1-252195050	S3-125427401,S3-660677824,S3-689643061
S1-252481833	
S1-253986339	
S1-254542316	S3-28359278
S1-254586049	S3-664718470,S3-866781987
S1-26046875	S3-136777283
S1-260612252	S3-150116009,S3-644747261,S3-675161025,S3-694452523
S1-260837575	S3-266894402,S3-271475049,S3-395541342,S3-399579855,S3-603938236,S3-632981198,S3-691327074,S3-70024190,S3-98609798
S1-261029096	S3-397083010
S1-261476747	S3-255859609,S3-937554281
S1-261504277	S3-562062196,S3-649125955,S3-696432471
S1-261642209	
S1-262614015	S3-167792434,S3-238630845,S3-767883399,S3-988583785
S1-263184862	S2-647817035,S3-201361618,S3-240536743
S1-263474173	
S1-263775088	S3-390354346,S3-434650134,S3-532329498,S3-778314017,S3-854477858
S1-264304236	S3-787295611,S3-883169012
S1-264694687	S2-460722696,S3-243933528,S3-724878495
S1-265603031	S3-280276180,S3-380629778
S1-26570538	
S1-267914232	
S1-268343305	S3-234856496,S3-26020664
S1-269743554	S3-117250439,S3-29497759,S3-367761629,S3-379563588,S3-394078975,S3-394382731,S3-4103725,S3-558092257,S3-564282811,S3-676654555,S3-679732519,S3-696690364,S3-736463885,S3-769637720,S3-796999515,S3-887665568,S3-933413935
S1-272127430	
S1-273768056	S3-16275066,S3-690125736
S1-274063051	S2-538644983,S3-142842996,S3-514480091
S1-276158488	S3-241081937,S3-345118797,S3-437227519,S3-503856441,S3-57506920,S3-687675334
S1-276214128	S3-386530479,S3-450248887,S3-627471147,S3-851998753
S1-276402071	S3-286516942,S3-567877126
S1-276942364	S3-196653322,S3-27049682,S3-278450541,S3-406314808,S3-462450978,S3-623350295,S3-85652903,S3-948962135,S3-954427441
S1-278478027	S3-211144714,S3-324918634,S3-347547777,S3-372832428,S3-540579773,S3-622919862
S1-278899619	S3-138811074,S3-8843346
S1-278936782	S3-164614097,S3-184746462,S3-817840409,S3-87507226
S1-281577804	S3-204387385
S1-283538407	S3-127535638,S3-274842919,S3-74712448
S1-283559796	S3-687037087,S3-818921250
S1-285272643	S3-539200198,S3-741015737,S3-767211613,S3-887271424
S1-28666330	S3-138701456,S3-493296944,S3-898984479
S1-287636395	S2-297579015,S2-856031019,S2-979925840,S3-16181684,S3-175339055,S3-204865346,S3-346525828,S3-349669520,S3-510301800,S3-527149010,S3-651507124,S3-684510698,S3-707428802,S3-721334973,S3-8286148,S3-896178983,S3-938749427,S3-968417086,S3-980181797,S3-988360083
S1-290176575	S3-27986841,S3-678996625
S1-290950404	S3-485929164,S3-962385473
S1-292081721	S3-111097527,S3-263655826,S3-322150532,S3-368213220,S3-5414553,S3-548276034,S3-549617585,S3-56349774,S3-58725308,S3-672482070,S3-673894579,S3-694294097,S3-719295227,S3-740082053,S3-741168807,S3-771031812,S3-902186605,S3-902669002,S3-932578773,S3-986881428
S1-292999318	S3-35938545,S3-878914482
S1-293783230	S3-44754726,S3-636928586,S3-736576003
S1-295346696	S3-160483420,S3-171253809,S3-17541148,S3-440392735,S3-667943749,S3-927819388,S3-931312445
S1-295699995	S2-343540507,S2-492717139,S3-411258655,S3-735089102,S3-754891140
S1-296341423	
S1-297220011	S2-587526757,S3-150289152,S3-290529825,S3-761360511
S1-298362412	S3-160717792,S3-223002637,S3-550043628,S3-593807211,S3-619664681,S3-900231579,S3-946719568
S1-299677751	S3-353481810,S3-465977923,S3-564009251,S3-996775482
S1-299995446	S3-126882943,S3-131798460,S3-140219724,S3-167103136,S3-177120990,S3-200364785,S3-218890131,S3-237764186,S3-247588389,S3-248781089,S3-37360155,S3-381556023,S3-427442926,S3-445494904,S3-455992528,S3-50245749,S3-509255871,S3-513996147,S3-516780252,S3-574011566,S3-590602648,S3-592685455,S3-644883758,S3-665201826,S3-692409677,S3-707490255,S3-720562759,S3-722811929,S3-732842150,S3-758580397,S3-775904730,S3-852998179,S3-857275399,S3-858597329,S3-86407047,S3-870474859,S3-901311547,S3-965585769,S3-975260829
S1-304646283	
S1-307464396	S2-227342875,S2-284681063,S2-333486848,S2-46970865,S2-767328344,S3-114587758,S3-32667935,S3-878834656
S1-307567613	
S1-308849584	S3-134968427,S3-342447307,S3-406510213,S3-535755128,S3-662534378,S3-841581898,S3-960763277,S3-968661614
S1-311511012	
S1-312627881	S2-241940330,S2-383030202,S2-543173344,S2-948395271,S3-164455641,S3-238362794,S3-2814991,S3-288839175,S3-346422613,S3-420268374,S3-437621469,S3-512505640,S3-567352882,S3-574128535,S3-593426369,S3-656857054,S3-673102560,S3-686593927,S3-698104556,S3-709608513,S3-718887146,S3-725697170,S3-743975890,S3-745316463,S3-749274747,S3-780797031,S3-789016476,S3-79210455,S3-810682580,S3-814036000,S3-850170681,S3-965809142,S3-975326030
S1-31396737	S2-202312555,S3-22290250,S3-288839175,S3-450019805,S3-518132150,S3-562972521,S3-576702599,S3-580961280,S3-659236955,S3-684438203,S3-745316463,S3-751163531,S3-82598083,S3-969316315
S1-316484869	S3-310655902,S3-342867884
S1-321825889	S3-327686835,S3-472276128,S3-869560455
S1-321942839	S3-305766553,S3-598300235
S1-322452675	S2-769642466,S3-276452645,S3-293224465,S3-636614167,S3-654135797
S1-323331156	S3-114410098,S3-237266643,S3-602735984
S1-324095800	S3-152601352,S3-198481278,S3-471252452,S3-699070139,S3-722717035,S3-788610125,S3-889276162,S3-926954172
S1-324498270	S3-289787827,S3-668190321,S3-725506075
S1-324535341	S3-271498462
S1-325608211	S3-644090096
S1-326042432	S2-163187676,S2-972244054,S3-336043317,S3-562263739,S3-832809574,S3-956455070
S1-328584708	S3-766381838,S3-791812744,S3-794401739
S1-33017980	S3-518859062,S3-814291031
S1-330558948	S3-536901460,S3-653139416,S3-745432824
S1-332179110	S3-366872841,S3-652646400,S3-875210903
S1-333055706	S3-232682001,S3-637551957,S3-806014487
S1-333194875	S3-363368257,S3-399657159,S3-872164839
S1-333348301	S3-139788528,S3-475176571
S1-333630891	S3-18376290,S3-643228462,S3-942437742
S1-335226101	S3-304829152,S3-525475601
S1-335922295	S2-268068398,S2-54784887,S3-119272922,S3-617166663,S3-77181625
S1-33604489	S3-174629748,S3-30923141,S3-519846659,S3-577716112,S3-845979878
S1-336152543	S3-860240895
S1-336954819	S2-28676907,S3-111914053,S3-160446678,S3-18016821,S3-577893330,S3-623783217,S3-901778721,S3-973951609,S3-991410378
S1-337021163	S3-937552602
S1-337070508	S3-268999437,S3-418842492,S3-724251745,S3-910821223
S1-337189608	S3-302079513,S3-313254909,S3-805041574
S1-337510150	S3-666820374
S1-339792863	S3-192270387,S3-454389366
S1-341063793	S2-185013334,S3-119929019,S3-188458904,S3-204250789,S3-324673369,S3-329170362,S3-352424751,S3-403027505,S3-46553331,S3-465765970,S3-58055257,S3-625143559,S3-659704486,S3-703139764,S3-746988992,S3-750925162,S3-76506382,S3-831766035,S3-859126587,S3-870689168,S3-900171281,S3-952665112,S3-987746837,S3-998999077
S1-344013091	S3-305803976,S3-364530841,S3-442749154,S3-522785356,S3-568983988,S3-678335672,S3-75074121,S3-778572366,S3-784588574,S3-887943628,S3-922753681,S3-989392271
S1-345501851	S3-157855902,S3-319121092,S3-526884354
S1-345526341	S2-155911543,S2-185013334,S2-311176703,S2-530247686,S3-118228946,S3-20446587,S3-265456993,S3-312757898,S3-391376183,S3-395191629,S3-506138263,S3-508196400,S3-585236726,S3-591408248,S3-608654347,S3-654955302,S3-800750533,S3-817164628,S3-844218115,S3-855378980,S3-940100467,S3-948069897,S3-965529208
S1-347851016	S3-500159484,S3-784571735
S1-348573367	
S1-350918063	S2-76319691,S3-111795220,S3-332347544,S3-830328683
S1-351656683	S3-977956594
S1-352399946	S3-445581169,S3-73078276
S1-35384274	
S1-354159326	S3-104809090,S3-122700056,S3-211475272,S3-302030556,S3-694751234,S3-928957046
S1-3548629	S3-109239760,S3-305583405,S3-973543684
S1-358105252	S3-139362603,S3-151415827,S3-248600078,S3-250371828,S3-266799580,S3-303434999,S3-323340673,S3-331939900,S3-334104382,S3-457396226,S3-467767587,S3-489941683,S3-531171515,S3-545943577,S3-553260755,S3-659330633,S3-723034549,S3-729686220,S3-789399320,S3-794988294,S3-805010580,S3-809139091,S3-884260725,S3-908285130,S3-921786123,S3-964786740
S1-360389411	S2-612716637,S3-381862262,S3-953669544
S1-360391513	S3-30292437,S3-427757469,S3-585198613,S3-829416361
S1-361599216	S2-614829798,S2-726512934,S3-27022976,S3-33545718,S3-736838401
S1-363602843	S2-990718055
S1-365987062	S3-193271894,S3-495381723,S3-585279368,S3-728837336
S1-367438678	S3-224014551,S3-249545730,S3-293617191,S3-427582568,S3-530055072,S3-552338064,S3-628785104,S3-658889565,S3-702229511,S3-757897212,S3-822345726,S3-952335770
S1-370040082	
S1-370228771	S2-328794803,S3-240163105,S3-654517089,S3-75280644
S1-371172270	S2-155911543,S2-856031019,S3-119929019,S3-329170362,S3-352424751,S3-527149010,S3-58055257,S3-659704486,S3-678900485,S3-684510698,S3-703139764,S3-746988992,S3-76506382,S3-859126587,S3-95055358,S3-956635753,S3-987746837
S1-373253945	S3-138669247
S1-377846202	S3-411364939,S3-421025333,S3-906994557,S3-98127137
S1-377942865	S3-229340593
S1-379378394	S3-120579498,S3-32650719,S3-338766362,S3-372021981,S3-417564410,S3-466289518,S3-564448294,S3-658632005,S3-708397810,S3-773217072,S3-846512090,S3-945520874,S3-947968230
S1-379683628	S3-300030119,S3-975464589
S1-379796343	S3-337334498,S3-79506398,S3-846331766
S1-380513982	S3-146737063,S3-340599436
S1-381368347	S3-638256840,S3-712988230
S1-383508132	
S1-38451528	S3-361141357,S3-770668883
S1-385801270	S3-273826714,S3-286984501,S3-833204871,S3-888517135
S1-387007925	S3-223951984,S3-894146342
S1-387016214	S3-207676971,S3-566279683,S3-740117893
S1-387025203	S2-223266096,S3-43589939,S3-717700898
S1-387647858	S3-212840105,S3-216329478,S3-384356390,S3-385012233,S3-529826686,S3-546241558,S3-581973105,S3-594063276,S3-643405221
S1-388507164	S2-302380669,S3-11608839,S3-14519792,S3-257722209,S3-304907784,S3-309777507,S3-313745660,S3-325971953,S3-332994204,S3-364203803,S3-392087077,S3-394210380,S3-448715752,S3-537229632,S3-565223201,S3-592896592,S3-656454031,S3-748965808,S3-767179289,S3-784873870,S3-814687534,S3-859879016,S3-870001922,S3-874013061,S3-891891222,S3-943389526
S1-390252121	S3-100696658,S3-96368632
S1-392877917	S2-577051763,S3-116527247,S3-496544585,S3-681948998,S3-699455006,S3-858382654
S1-393120433	S2-763519087,S3-550543591
S1-396150929	S2-386511671,S3-209670641,S3-298471532,S3-321000503,S3-408245839,S3-636900604,S3-651414875,S3-946979871,S3-988743416
S1-396779207	S3-228591043,S3-422635974,S3-429072358,S3-61548797,S3-716885852,S3-80840412,S3-83406847
S1-398700586	
S1-399652471	S3-193263176,S3-766139747
S1-39974132	S3-175641417
S1-400298705	S3-449694728,S3-979467764
S1-402129124	S3-523676887,S3-734367094,S3-813929542,S3-948686740,S3-949645590
S1-402605415	S3-101989714,S3-339773851
S1-403395550	S2-461662527,S3-212527662,S3-303308819,S3-325712301,S3-335370218,S3-387199329,S3-407822476,S3-446232899,S3-462381740,S3-532375784,S3-566291275,S3-572254376,S3-601377640,S3-646569779,S3-66639878,S3-697761433,S3-787775142,S3-81839990,S3-85991138,S3-910876484,S3-9197944,S3-941019964
S1-403671285	S3-254106709,S3-287861409,S3-473867795,S3-707334557,S3-731685600,S3-768533546,S3-936419264
S1-406660914	S3-309258539,S3-708335457,S3-807630390,S3-854033772
S1-406820024	S3-54951725,S3-569950948,S3-757624330
S1-407721399	S3-698222925
S1-408224983	S2-152094326,S3-395933399,S3-714770348
S1-409479725	S2-13498080,S2-155911543,S3-355682844,S3-403208027,S3-416777306,S3-510350504,S3-559765617,S3-601005150,S3-724300314,S3-780916540,S3-812635150,S3-975298926
S1-411913157	S3-658474949,S3-790316350
S1-4143446	S2-795608900,S3-133723292,S3-133843889,S3-172809077,S3-209626472,S3-215022947,S3-220836888,S3-228158932,S3-282411490,S3-296199252,S3-306139886,S3-382474400,S3-501724962,S3-516054458,S3-565341786,S3-584632442,S3-595201831,S3-737553549,S3-80109578,S3-817313333,S3-823743164,S3-918908511,S3-936627180
S1-414638369	S2-385906219,S2-602985825,S3-19859745,S3-429555209,S3-508026460,S3-547139909,S3-671141763,S3-705175659,S3-744599366,S3-760630963,S3-794446924,S3-821562530,S3-870850923,S3-882638670,S3-907408425,S3-917711669,S3-945740264
S1-418524279	S3-19393151,S3-632154667,S3-732108958
S1-419929302	S2-796163654,S2-849330463,S3-122549032,S3-190226204,S3-193400415,S3-226632089,S3-28024084,S3-366226516,S3-46737773,S3-527942361,S3-543132595,S3-580500617,S3-582977744,S3-610267734,S3-654858765,S3-831779702,S3-841691697
S1-422578216	S3-240083430,S3-554854668,S3-859706782,S3-879190797,S3-985170616
S1-423268484	S3-334008947
S1-425858660	S3-412212393
S1-42665313	S3-244448454,S3-318407282,S3-524082504,S3-671676592,S3-683759364,S3-829910354,S3-849904655
S1-427389120	S3-479793375,S3-551480839
S1-428075120	S3-228199901,S3-347307868,S3-862486472
S1-429851261	S3-204680987,S3-287823477,S3-340295893,S3-452297692,S3-4981286,S3-746631397,S3-914532981,S3-953389954
S1-429982774	S3-184551896,S3-611449084
S1-433887168	S3-453649493,S3-573948686,S3-762875991
S1-434847246	S2-559569131,S2-706926029,S3-214479101,S3-474077311
S1-436294840	S3-696434530,S3-817060818
S1-437062378	S2-185389152,S2-220736658,S3-159308620,S3-19792769,S3-433905111
S1-438092418	S3-314146238,S3-696619656
S1-438186667	S3-268316986,S3-790194169,S3-812929525
S1-440389225	S3-214928493,S3-297356028,S3-606138458
S1-444941176	
S1-445143782	S3-519684761
S1-445413591	S3-464468619,S3-571793384,S3-8636915
S1-446005547	S3-433612316,S3-507837741
S1-447511049	S2-460733050,S2-776620254,S3-681192115,S3-840963930,S3-890593086
S1-44825451	S3-130098632,S3-227779697,S3-284804548,S3-302872696,S3-399975357,S3-433140475,S3-456587843,S3-491031159,S3-495527787,S3-512781964,S3-556491327,S3-566117322,S3-602043014,S3-617167170,S3-717984976,S3-737553549,S3-741733225,S3-833475349,S3-911772895,S3-965993675
S1-448267460	S3-163388064,S3-254255667,S3-30496819
S1-448804054	S3-120746356,S3-318683937,S3-337626303,S3-356516712,S3-403016310,S3-448484922,S3-458257515,S3-512499740,S3-513996147,S3-572219070,S3-666920560,S3-685047089,S3-725398625,S3-743373774,S3-794819507,S3-965718527,S3-975260829,S3-991730947,S3-997698051
S1-449171849	S2-976135233,S3-129922629,S3-146370284
S1-44946269	S3-43561816,S3-904653638
S1-449967506	S3-189274309,S3-432617000,S3-941675847
S1-450667949	S2-642915560,S3-309981922,S3-32351980,S3-686366027,S3-83379896
S1-454802421	S2-887173212,S3-447138010,S3-678901910,S3-715344787,S3-814957974
S1-454834135	S2-373900558,S2-573515998,S3-257288041,S3-578600311,S3-828692614,S3-832933242,S3-911342021
S1-45658342	S3-607528638
S1-457520836	S3-173969900,S3-480292039,S3-628198545,S3-765878688,S3-886611851,S3-892363737,S3-897081148,S3-912623978,S3-93750545
S1-457973373	S3-719514673,S3-838254695,S3-869003407
S1-458130772	S3-544784129,S3-840619091
S1-459468808	S2-480774512,S3-582087326,S3-841340868
S1-459984140	S3-515089420,S3-58635839
S1-460668187	S3-646813586,S3-695713794,S3-920152151
S1-462255345	S3-160702587,S3-479931343,S3-493265747,S3-496011742,S3-775691997
S1-463776677	S3-311381475,S3-878305221
S1-46623715	S3-285382833,S3-337976698,S3-960891246
S1-466341745	S2-978163055
S1-466641145	S3-226041325,S3-389033395
S1-469177694	S2-497656842,S2-963068264,S3-319741604,S3-372419247,S3-38793967,S3-465143494,S3-520992290,S3-535152741,S3-673641166,S3-747466244,S3-964461370
S1-470647256	S3-932204870
S1-470791690	S3-312902368,S3-909292686,S3-995747294
S1-473872953	S3-179097669,S3-899319896
S1-473952711	S3-418613237,S3-627526969
S1-474172740	S3-146409962,S3-245950991,S3-479311791,S3-480798959,S3-712483421,S3-967334519
S1-474752946	S3-558013718,S3-866108878
S1-475756218	S2-614804837,S3-133701718,S3-187106397,S3-213254273,S3-224800158,S3-22818673,S3-233971518,S3-338612793,S3-351829035,S3-362504212,S3-40619540,S3-499862390,S3-582977744,S3-600698958,S3-621306900,S3-62818927,S3-640823756,S3-708178838,S3-752934704,S3-817946492,S3-820054074,S3-829106245,S3-944705681
S1-476233101	S3-219643345,S3-254142731,S3-760426075,S3-820031504,S3-839701318
S1-476732670	S3-125408744,S3-438277566,S3-519792081,S3-770677991,S3-933609220,S3-988667742
S1-479368587	S3-579208360,S3-647492174,S3-849279643,S3-855415874,S3-861309205
S1-48074803	S2-951628686,S2-976076718,S3-123116820,S3-435259574,S3-774705073,S3-987555939
S1-482094020	S3-344790750,S3-508969775
S1-485102954	S3-300070774
S1-48747549	S3-409747166
S1-487924033	S2-328794803,S3-139718608,S3-270269238,S3-30020904,S3-885544611,S3-967121590
S1-488514818	S3-105521106,S3-131924381,S3-223387621,S3-731174798,S3-76986676
S1-490124385	S3-129926548,S3-15883536,S3-380598414
S1-490710521	S3-587685110
S1-492494206	S3-106079249,S3-194443204,S3-406910728,S3-583305539,S3-672446194,S3-811035679,S3-940753863
S1-493253612	S3-344541041,S3-497237080,S3-572995242,S3-873309191
S1-493985363	S3-916182417
S1-495431862	S3-993699195
S1-497232093	S3-991632549
S1-49755442	S3-199898173
S1-497620088	S3-269382367,S3-314309329,S3-325108359,S3-807745497
S1-497812883	S3-280290748,S3-560440423
S1-499785692	S3-198667605
S1-50243752	S2-259463679,S2-692708188,S3-10348556,S3-168214191,S3-201438323,S3-214448312,S3-259702121,S3-34443254,S3-375237247,S3-38530203,S3-405045565,S3-418040947,S3-431899322,S3-441724004,S3-442444280,S3-564980101,S3-575483500,S3-645879177,S3-654334013,S3-66738604,S3-784287651,S3-801036145,S3-852386578,S3-95245661,S3-970070500
S1-503788700	S2-795608900,S3-133843889,S3-215022947,S3-228158932,S3-282411490,S3-296199252,S3-373836318,S3-37924049,S3-656872734,S3-737553549,S3-80109578,S3-817265095,S3-817313333
S1-503983890	S3-370384850,S3-788291476,S3-8231934
S1-506617149	S3-181152837,S3-322270254,S3-886163697
S1-508815823	S3-128587527,S3-38293952,S3-766917644,S3-793763466,S3-928194292
S1-512116789	S3-80749223,S3-893721063
S1-513599911	S2-922373960,S3-254360793,S3-499529172,S3-539447982,S3-572813411
S1-516261021	S3-130647528,S3-443015616,S3-58870249,S3-633755444,S3-646192796,S3-650304410,S3-70001215,S3-824484614
S1-517949344	S2-857577472,S3-153355841,S3-344272988,S3-488025891,S3-761894528,S3-789960856
S1-518221826	S3-102493433,S3-371534378,S3-519534808
S1-518999749	S3-178390755,S3-30759122,S3-697138163,S3-981760140
S1-521482584	S2-354588445,S3-947909347
S1-521489044	S2-409564599,S3-201140568,S3-255361260,S3-623719459,S3-830950422
S1-521615251	S3-214001986,S3-992224394
S1-522410040	S3-777776407
S1-526867784	S3-486268251,S3-758350888,S3-948538173
S1-527611593	S3-567898056
S1-527612742	S3-501470646,S3-720805209,S3-857491405,S3-979265464
S1-527616111	S3-648529287,S3-73358020
S1-528548249	S3-30157858,S3-35744808,S3-485852825,S3-493420695,S3-633297288,S3-714972302
S1-528612247	
S1-529172004	S3-228717006,S3-720862676
S1-529656399	S3-479270701,S3-90497274
S1-53078701	S3-811948056
S1-5308195	S2-155105281,S2-188368209,S2-465593416,S2-530247686,S2-743206403,S3-151531818,S3-180403910,S3-187186479,S3-244086957,S3-282528704,S3-347629143,S3-385121405,S3-388890971,S3-40761432,S3-43907923,S3-460186908,S3-511372363,S3-541961711,S3-543509483,S3-63611390,S3-638563775,S3-639046941,S3-653110816,S3-680999121,S3-78194687,S3-813404190,S3-821035526,S3-824765823,S3-848064442,S3-873789459,S3-893698477,S3-899186346,S3-947192691,S3-951173767,S3-9980607
S1-531755243	S3-288598956,S3-368124256,S3-49874662,S3-543973559,S3-594691896,S3-685239228,S3-794220922,S3-962888987
S1-533056362	S2-542711036,S3-186770057,S3-189051028,S3-197371402,S3-26675917,S3-339742280,S3-3764531,S3-415081584,S3-464624020,S3-52890895,S3-683913357,S3-805975505,S3-881458071,S3-898218496
S1-533947051	S2-875979297,S2-971445382,S3-172399545,S3-173374728,S3-179854223,S3-201460655,S3-245875090,S3-247438946,S3-290295577,S3-304877707,S3-311390250,S3-333295094,S3-339319995,S3-350091949,S3-361514623,S3-443568127,S3-466796462,S3-469821503,S3-550618124,S3-580264243,S3-62149197,S3-671352995,S3-679793442,S3-701606742,S3-709538420,S3-711954093,S3-716540406,S3-773644724,S3-781586296,S3-899103046,S3-919471933,S3-948788812,S3-961195907
S1-533988643	S3-19578201,S3-51652890,S3-552560551,S3-88429195
S1-535345810	S3-120106750,S3-250896381,S3-321324638
S1-535548928	S3-193725530,S3-240981382,S3-510151105,S3-796226784,S3-854112988
S1-536020925	S2-576380101,S3-198725002,S3-228072480,S3-917086681
S1-536988629	S3-287071360,S3-665782652,S3-879069952,S3-896559826
S1-537057658	S3-260548621,S3-260620109,S3-49269246
S1-537978025	S3-467255906,S3-531319922
S1-538239829	S3-420022191,S3-486880597
S1-538969745	S3-137354937
S1-539994201	S3-211946177,S3-213036480,S3-276697509,S3-551287121,S3-563191003,S3-676249043,S3-739061535
S1-54009750	S3-170550946,S3-293169037,S3-648937189,S3-89323393,S3-896797290,S3-902144505
S1-543112947	S2-195567288,S3-108943874,S3-125187839,S3-146866793,S3-147253146,S3-243454345,S3-350749940,S3-400328587,S3-886785810,S3-897942376,S3-971352859
S1-545321896	S3-988558941
S1-545791724	S3-503922152,S3-688615955
S1-547382550	S3-174881820
S1-548433616	S3-11519900,S3-317330782,S3-504953347,S3-623204757
S1-549471501	S2-634021217,S3-136422350,S3-168647584,S3-178324047,S3-269764584,S3-394861510,S3-514245424,S3-695451048,S3-774426125
S1-551580984	S3-319257596
S1-552052093	S2-491807838,S3-664579649
S1-555775937	S3-329550375,S3-712341435,S3-884798967
S1-555917187	S3-174902435,S3-203625427,S3-670981150
S1-557030875	S3-328761178,S3-426116939,S3-97994565
S1-557325761	S3-375974969,S3-673250188,S3-68697167
S1-558861915	S3-123828598,S3-15793099,S3-99630440
S1-561742839	S3-149875385,S3-721413247,S3-931054627
S1-563149240	S2-155911543,S3-143264625,S3-181501583,S3-224194696,S3-535961466,S3-553167694,S3-58919181,S3-598466753,S3-653143892,S3-66569235,S3-852754155,S3-873149416
S1-564116899	S2-291406456,S3-133657989,S3-153678434,S3-193063232,S3-276166834,S3-344695920,S3-7148734,S3-736056928,S3-744599366,S3-772458779,S3-778480659,S3-809234240,S3-828403147,S3-912369934,S3-948100235,S3-956800256,S3-957600877
S1-565584575	S2-199346523,S3-168244976,S3-222346709,S3-234706524,S3-2529882,S3-353532185,S3-357306372,S3-387560985,S3-45832035,S3-482516161,S3-48255239,S3-524713084,S3-553899776,S3-686437576,S3-720156415,S3-722881938,S3-730973896,S3-746551043,S3-749197216,S3-794083792,S3-868620905,S3-924096283,S3-995462966,S3-995662512
S1-566366140	S3-298663348,S3-614915691,S3-664367050
S1-566540458	S2-185013334,S2-856031019,S3-141532033,S3-147827766,S3-169464945,S3-249269515,S3-252015477,S3-258586425,S3-267316221,S3-321413933,S3-3667032,S3-372839269,S3-384165752,S3-432059545,S3-457172614,S3-477040662,S3-505593054,S3-571934765,S3-637492979,S3-692570591,S3-855757613,S3-856838046,S3-874596503,S3-903848625,S3-946239436,S3-949990536
S1-568095292	S3-550671275
S1-568320501	S2-665104789,S3-624225983,S3-669726840,S3-681563697
S1-569075241	S3-123629502,S3-24550145,S3-272692200,S3-386125975,S3-444989084,S3-553227794,S3-678804403,S3-736091258,S3-746404418,S3-845587217
S1-569175291	S2-1680475,S3-265425494,S3-315406388,S3-330099343,S3-395227440,S3-62559745,S3-748236531
S1-570239793	S3-305180644,S3-617125747
S1-570702581	S3-18309148,S3-316446604,S3-499734924,S3-870153231,S3-946286282
S1-572338294	S3-583046704
S1-572790160	S2-357819643,S3-276411924,S3-733963506,S3-837522257
S1-573514563	S2-659542988,S3-106949698,S3-149819017,S3-7318919,S3-925381872
S1-575078315	S3-259596161,S3-305293594,S3-315914552,S3-367321382,S3-391371083,S3-407065860,S3-434432907,S3-455242386,S3-45752054,S3-475006913,S3-618817803,S3-642004147,S3-643854145,S3-653117544,S3-735890817,S3-872801377,S3-899552369,S3-924350539,S3-988530821
S1-575955656	S3-289588600,S3-603515296,S3-786228359
S1-578070457	
S1-583032127	
S1-583499446	S3-326694620,S3-355641049,S3-904932339
S1-583834139	S3-11973279,S3-179262463,S3-278746918,S3-296017447,S3-392550548,S3-459855079,S3-500577246,S3-516639879,S3-528175547,S3-562874459,S3-603786525,S3-662148153,S3-662329852,S3-73468034,S3-757121068,S3-782875275,S3-865197900,S3-894233461,S3-918268080,S3-938150208,S3-973488144
S1-584868770	S3-20757242
S1-586306176	S3-222655663,S3-31430118,S3-670323885,S3-707257754,S3-883186051,S3-909698553,S3-93032828
S1-58920105	S3-192190712,S3-252270688,S3-286813339,S3-332619095,S3-35371369,S3-370209127,S3-436434008,S3-450971490,S3-524687403,S3-527928129,S3-549884114,S3-550579062,S3-55093571,S3-55107069,S3-563211515,S3-565578685,S3-574942611,S3-613084039,S3-631227339,S3-631851498,S3-665686729,S3-679635145,S3-931367289,S3-940295307
S1-592730731	S2-763515328,S2-916526804,S3-284150721,S3-499078401,S3-827860755,S3-869352865
S1-593270583	S3-449703143,S3-92940992
S1-594764079	S3-156465470,S3-497521035
S1-595979657	S3-501946126
S1-596389295	S3-346065425,S3-484894381,S3-511929126,S3-591414542,S3-598700428,S3-745097722,S3-811043935,S3-893209796
S1-598698415	S2-461662527,S2-473389107,S2-855700277,S2-913195122,S3-247581406,S3-248711604,S3-255104796,S3-333944572,S3-335370218,S3-345607055,S3-365759218,S3-376456486,S3-387199329,S3-407822476,S3-422040297,S3-422099538,S3-424256208,S3-437670808,S3-446232899,S3-464956037,S3-507894106,S3-535073629,S3-543958232,S3-576866747,S3-581468442,S3-613612000,S3-646569779,S3-647268149,S3-657437712,S3-680031472,S3-73437720,S3-787775142,S3-791833888,S3-855416199,S3-861834585,S3-910876484,S3-9197944,S3-943523212
S1-599296180	S3-311322447
S1-600280570	S3-118146386,S3-158580997,S3-169343517,S3-260304566,S3-567791112,S3-59527581,S3-936006963,S3-994046067
S1-600405366	S3-485489479
S1-600561344	S3-869532747
S1-600793393	S3-361309277
S1-600909980	S3-114151898,S3-627899,S3-719918361,S3-883782733
S1-601486176	S3-449264947
S1-602287969	S2-117274539,S2-920278677,S3-511286757
S1-603264258	S3-110492074,S3-120422670,S3-173909664,S3-236229000,S3-339939603,S3-490235932
S1-603512987	S3-127285051,S3-501801566,S3-543363422,S3-576830963,S3-632616452,S3-668208137
S1-603731465	S3-273405887,S3-664461935,S3-927982737
S1-60552004	S3-67311706
S1-606348149	S3-101972013,S3-470774766
S1-606632043	S2-121118512,S3-1491061,S3-502646491
S1-606754081	S3-782172904,S3-846332715
S1-607166149	S3-431063471
S1-607475493	S3-105470514,S3-440690355,S3-520741208
S1-608419003	S3-197368956,S3-305194510
S1-608940471	S3-294522941,S3-630874449
S1-610417761	S3-892810174,S3-926667266,S3-927032694
S1-612029716	S3-108579013
S1-615018738	S3-263733579,S3-341571772,S3-359968418,S3-94021495
S1-615363988	
S1-616169476	S3-85827187
S1-616465752	S3-192564447,S3-466005458,S3-555474044,S3-709966670
S1-61656646	S3-53664355
S1-618465663	S3-458794808,S3-558420456
S1-620010152	S3-750273705
S1-620502712	S3-215391333
S1-626640921	S3-141457992,S3-174799345,S3-175407543,S3-23575438,S3-266357044,S3-471350574,S3-493690350,S3-527312406,S3-68340037,S3-689933004,S3-713964683,S3-799438646,S3-962661445
S1-628264763	S3-249299185,S3-914648689
S1-628563780	S3-119160789,S3-145293340
S1-628680569	S3-697553557
S1-628750886	S3-159214046,S3-734992856
S1-629135150	S3-14415061,S3-191678465,S3-431182035
S1-629861538	S3-362996326
S1-631634336	S3-302519477,S3-470084384,S3-780813544,S3-904005280
S1-633277570	S3-622540070,S3-988676015
S1-63379836	S3-178182617,S3-377958453
S1-634485775	S3-24069710,S3-36847191,S3-403828320,S3-668290354,S3-711216531,S3-838939950,S3-857946703
S1-634708855	S2-580853997,S3-266149496,S3-947687449
S1-634733706	S3-109307025,S3-184245482,S3-189129406,S3-205718926,S3-228147308,S3-315758954,S3-32282315,S3-395298585,S3-406986833,S3-489487577,S3-497714894,S3-533439667,S3-582452255,S3-612554336,S3-660915743,S3-674297147,S3-712344951,S3-729408148,S3-796976644,S3-803218222,S3-847801190,S3-848418540
S1-635175351	S3-649614800
S1-639093227	S3-135600987,S3-28014425,S3-374712263,S3-49623872,S3-51318945,S3-524427616,S3-542943492,S3-569826832,S3-628945090,S3-819297018,S3-829806505
S1-641743540	S3-192038145,S3-343612940,S3-744081581
S1-641844231	S3-411418800,S3-548520637,S3-577243955
S1-643026199	S2-652580617,S3-103962395,S3-125762895,S3-253485205,S3-299796411,S3-310834859,S3-388065964,S3-397998848,S3-433479672,S3-46915038,S3-480332721,S3-551634423,S3-606398729,S3-662818630,S3-691596139,S3-777104637,S3-781674533,S3-791164903,S3-847381271,S3-891511298
S1-644418417	S2-155911543,S2-198581484,S2-791580552,S2-856031019,S3-111997023,S3-187427247,S3-189124006,S3-215450995,S3-262117100,S3-336271415,S3-337780700,S3-363610634,S3-455443201,S3-457446761,S3-576759953,S3-6039531,S3-66569235,S3-707742656,S3-718585881,S3-753285826,S3-758761008,S3-826956574,S3-82825207,S3-849338516,S3-955533256,S3-956635753,S3-977774217,S3-97797501
S1-644561190	S3-191446610,S3-350392459,S3-549520150,S3-716502440,S3-781827843
S1-646017281	S2-511401429,S3-408461172,S3-415719516,S3-507015004,S3-543358331
S1-647658706	S3-313781069,S3-729978881,S3-827702413,S3-879333471,S3-911416476,S3-968834705
S1-647789499	S3-104651047,S3-184164586,S3-527927644,S3-537763906,S3-55107069,S3-600390439,S3-70767007,S3-780963826,S3-971402587
S1-647815909	S3-676796032,S3-763600268,S3-814190818
S1-648022940	S3-15202574,S3-799573268,S3-953161217,S3-980111933
S1-648145738	S2-381420816,S2-671580211,S3-792982252
S1-648793119	S3-151948665,S3-230290514,S3-448526611,S3-752714048
S1-654486422	S3-900449083
S1-655802552	S2-112263683,S2-467362829,S2-661143069,S3-231033521,S3-494393611
S1-657028371	S3-102895334,S3-67555623
S1-657275121	S3-329264407,S3-941733580
S1-658171306	S3-645022667
S1-661292108	S3-317715949,S3-460735558,S3-603332356,S3-844905906
S1-662374899	S3-321107217,S3-353590893,S3-719124959,S3-824047628
S1-663566990	S3-295420477,S3-449543360
S1-667272642	S3-170318814,S3-253459890,S3-288436621,S3-327176165,S3-331663953,S3-351379040,S3-356085740,S3-37226881,S3-409066668,S3-438046614,S3-461344675,S3-496801317,S3-514615720,S3-554090055,S3-672649459,S3-681628087,S3-844202523,S3-850832767,S3-932003964
S1-670774972	S3-149512927,S3-151430435,S3-504175153
S1-67169593	S3-336555406
S1-672103505	S3-108710826,S3-25223394,S3-648652019
S1-672969733	S3-951183823
S1-673153647	S3-176230037,S3-527276375
S1-675821005	S2-847687568,S3-267670944
S1-675998552	S3-210016651,S3-282154992,S3-285106890,S3-308166863,S3-371656203,S3-435394022,S3-469616459,S3-478230309,S3-50816681,S3-534990480,S3-585415418,S3-623584065,S3-638551167,S3-679127277,S3-711216531,S3-780894692,S3-793937950,S3-800692052,S3-844211036,S3-858098012
S1-678219668	S3-147009475
S1-678468445	S3-372783728
S1-678508415	S3-373747336
S1-678942467	S2-459516191,S3-172672302,S3-214493013,S3-22953815,S3-474759556,S3-49051007,S3-794010786,S3-818864398
S1-67951250	S2-284681063,S2-333486848,S3-300172811
S1-679809740	S2-850756799,S3-115192405,S3-142406918,S3-163465614,S3-225306616,S3-247826311,S3-264387619,S3-292918229,S3-319242288,S3-396112859,S3-475055145,S3-529491694,S3-541378072,S3-750825482,S3-783658928,S3-805005801,S3-838707389
S1-680362689	S3-106477474,S3-119012486,S3-230358572,S3-293296719,S3-300875690,S3-373745595,S3-376194921,S3-407437338,S3-440046601,S3-719513905,S3-778736246,S3-817230188,S3-838421,S3-868994133,S3-871721508
S1-681116226	S3-356499183,S3-470184178
S1-682391735	S3-965393503
S1-683869141	S3-172672302,S3-288862755,S3-527838121,S3-736735912,S3-904835843
S1-685756581	S3-921665173
S1-686540917	S2-256998523,S2-805173659,S3-211738094,S3-22494025,S3-234806095,S3-277790282,S3-520820888,S3-563552856,S3-653906440,S3-668350758,S3-675901996,S3-723563271,S3-848532582,S3-960950790,S3-963302537,S3-969543425,S3-999486714
S1-688199693	S2-44713064,S3-353001688,S3-539575966,S3-560752156,S3-566895593,S3-567186803,S3-731826186,S3-738132779,S3-926111306
S1-688555353	S2-656829051,S3-138128980,S3-290707880,S3-551422076
S1-689012189	S2-164964676,S3-509057761,S3-698580445,S3-840408484
S1-690237392	S3-999546009
S1-692471807	S3-136929935,S3-378068591,S3-566578623,S3-698403932,S3-767869692,S3-968917375
S1-693931224	S2-908017855,S3-278934159,S3-580370096,S3-582633014,S3-808078737,S3-853605746
S1-693956169	S3-105789238,S3-202856170,S3-592419390,S3-753257823,S3-862811984,S3-881912667
S1-697371108	S2-131875042,S2-310608503,S3-204505619
S1-698689512	S3-612869185,S3-640235289,S3-653332507
S1-699895565	S3-373464074,S3-723569552
S1-700683583	S3-311782062,S3-329344956,S3-537598663,S3-817147155
S1-701625804	S3-190498828,S3-201516428,S3-324750316,S3-524599431,S3-538977697,S3-621109270,S3-645305918,S3-674649102,S3-716028810,S3-915921377,S3-9537785
S1-703850262	S3-458048677
S1-705603372	S3-128749383,S3-172770107,S3-476109279,S3-724072215,S3-878652636,S3-943972624
S1-705677344	S2-482075294,S3-172843214,S3-182673056,S3-377302900,S3-385319773,S3-396744063,S3-411076470,S3-439529948,S3-506247495,S3-549576451,S3-574167870,S3-692112237,S3-737039559,S3-752745858,S3-765686943,S3-907216321,S3-933630770,S3-947664011
S1-706685411	S2-61011233,S3-274833171,S3-302698411,S3-374213004,S3-401843319,S3-431792524,S3-439582857,S3-627015722,S3-687715415,S3-692112237,S3-734747318,S3-752745858,S3-803872409,S3-955596387,S3-981683052
S1-707183377	S3-839476290
S1-707898770	
S1-708971705	S2-259802022,S2-783355018,S3-114839419,S3-1237742,S3-16468679,S3-180974412,S3-203567772,S3-21702313,S3-243253526,S3-248880191,S3-269681140,S3-323628955,S3-364700047,S3-365324257,S3-400091248,S3-446285710,S3-488642589,S3-516060920,S3-519332964,S3-530158060,S3-534078395,S3-546981039,S3-595722918,S3-693718018,S3-738632131,S3-745024543,S3-866255788,S3-899744871,S3-922751064,S3-97769834
S1-712510857	S2-405429266,S3-219100728,S3-822911839
S1-714329849	S2-571080180,S3-141240330,S3-183525975,S3-29430395,S3-421489853,S3-629101046
S1-717282539	S3-929618678
S1-717749279	S3-100875730,S3-161622260,S3-178555200,S3-188429503,S3-206088667,S3-247447724,S3-254832284,S3-40196306,S3-413913323,S3-423648914,S3-7241692,S3-774105459
S1-720336913	S3-395941400
S1-725008002	S3-346362993,S3-545989248,S3-83852341,S3-859145888
S1-725672126	S3-503423697,S3-677683562,S3-918559324
S1-725815126	S3-440417901
S1-726670510	S3-354033197,S3-450577356,S3-578801059,S3-831708251
S1-727874334	S2-486723432,S3-372273442
S1-728246746	S2-156380411,S3-122549032,S3-190226204,S3-193400415,S3-226632089,S3-267113008,S3-28024084,S3-281316725,S3-366226516,S3-46737773,S3-479571797,S3-517078764,S3-527942361,S3-543132595,S3-556952668,S3-580500617,S3-610267734,S3-654858765,S3-686722430
S1-72834693	S2-171000366,S2-534796720,S2-574584543,S2-847933753,S3-338622292,S3-501962281,S3-542422917,S3-575290130
S1-728529555	S3-347333714,S3-698613145,S3-929129965
S1-728956560	S3-245078048
S1-731120400	S3-413156128,S3-4482895,S3-458067597,S3-734788721,S3-828910875,S3-984911285
S1-731314679	S2-622934393,S3-202807455,S3-433963797,S3-816042430
S1-731721138	S2-188368209,S2-856031019,S3-21580705,S3-250783675,S3-388755800,S3-401786186,S3-43707341,S3-489475851,S3-568111631,S3-57842828,S3-617611218,S3-617920810,S3-637492979,S3-65477959,S3-698014581,S3-748257394,S3-756247764,S3-766002014,S3-779132326,S3-862715028,S3-888056464,S3-934040884
S1-733230953	
S1-733420249	S3-137454340,S3-265522376,S3-280962405,S3-414771375,S3-453272218
S1-734373273	
S1-735045054	S3-162939655,S3-308013023,S3-572757296,S3-816454021
S1-736800651	S3-711655000
S1-73700971	
S1-737240408	S3-154229674,S3-212282731,S3-247355600,S3-291335365,S3-462333239,S3-815265133
S1-737783959	S3-328839985,S3-608600034,S3-695681813,S3-724820830,S3-818261899,S3-919990104
S1-738605979	S3-552993706,S3-62463112,S3-657294756
S1-73870849	
S1-74346191	S3-775088270
S1-744052941	S2-101273729,S3-190863346,S3-240911794,S3-265052154,S3-265546031,S3-265553240,S3-282239087,S3-307673753,S3-348846327,S3-389338318,S3-395361892,S3-397330872,S3-418665554,S3-427459438,S3-448970411,S3-504601093,S3-514506917,S3-527628367,S3-546072132,S3-565465159,S3-567358714,S3-578035881,S3-618696748,S3-653908964,S3-660952475,S3-66556683,S3-700355927,S3-772861141,S3-817057833,S3-848284041,S3-851090660,S3-854082025,S3-857676266,S3-860742531,S3-906141945,S3-912078428,S3-934978688,S3-96760547,S3-97410383,S3-978089488,S3-984418831,S3-990039641
S1-745780830	S3-129958992,S3-596621058,S3-648140268,S3-747466244
S1-746752622	S2-338560302,S3-79622794
S1-747127174	S3-123253332,S3-181637043,S3-324290479,S3-858055036
S1-74888542	S3-33092981,S3-355316117,S3-717175709,S3-72544158,S3-741611748,S3-744146004,S3-909981907
S1-749190987	S3-48118841,S3-668924095,S3-995036409
S1-750864938	S2-830376616,S3-11160035,S3-318323799,S3-395106705,S3-535753355,S3-929127091
S1-75191209	S3-194844665,S3-222450525,S3-248815302,S3-46291415,S3-642539901,S3-661773448,S3-675539138,S3-922610802
S1-752708586	S3-359181240
S1-753162385	
S1-754720042	S3-216278315,S3-325074048,S3-39709854,S3-524433662,S3-778402873
S1-755026238	S3-132813217,S3-224285189,S3-416119295,S3-433041018,S3-471814063,S3-667132486,S3-712982672,S3-895135351
S1-755032002	S3-256691047,S3-452392924
S1-756550594	S3-207458468,S3-433484535,S3-750588128,S3-979635930
S1-756828693	S3-840117775,S3-981837549
S1-759949116	S3-212975637,S3-546575817,S3-975357554,S3-986911829
S1-76088178	S2-258980312,S2-346969873,S2-853027522,S2-933698530,S3-505132958,S3-865677865
S1-76365154	S3-20858544,S3-465480607,S3-661268534,S3-703750137,S3-753354264,S3-792873932,S3-905480493
S1-766239781	S3-766459838
S1-767245156	S3-161536027,S3-344546365
S1-767389281	S2-440861982,S3-764556365,S3-767316354,S3-95553346
S1-767699511	
S1-769567685	S3-14999364
S1-77057709	S2-853027522,S3-173374728,S3-192670888,S3-245875090,S3-272956080,S3-286495078,S3-299698854,S3-308720796,S3-339791984,S3-365493492,S3-434535602,S3-660857219,S3-661231108,S3-672712589,S3-673894579,S3-701606742,S3-741168807,S3-753168953,S3-800923736,S3-802602925,S3-814719587,S3-862405285,S3-944452360,S3-955932796
S1-771130174	S3-491692939
S1-771368017	S3-3532782,S3-6899704,S3-76319976,S3-802138092,S3-882798554,S3-902547366
S1-772104779	S3-183252884,S3-483452427,S3-595988225
S1-773318881	S3-433364289,S3-502527978,S3-692487492,S3-728217701
S1-774458452	S2-803146186,S3-116985079,S3-182939813,S3-250416380,S3-284616985,S3-285050834,S3-329443397,S3-406204645,S3-444504307,S3-447814948,S3-455829725,S3-458029907,S3-462665746,S3-572224145,S3-589122499,S3-59508014,S3-608955964,S3-634383286,S3-658460373,S3-661004215,S3-746929723,S3-757009583,S3-897906669,S3-902200514,S3-930020705
S1-775107858	S3-519881626,S3-683592724,S3-878806385,S3-920304940
S1-776267063	S3-750193026
S1-782112135	S3-294697945
S1-783498394	S2-197833938,S3-86560027,S3-986619380
S1-78371793	S3-677291223,S3-801445959
S1-784673398	S3-72841455,S3-893149548,S3-933859987
S1-787461836	S3-418609322
S1-788563249	S3-136073159,S3-271851690,S3-307943806,S3-643271904,S3-854865386,S3-875372938
S1-78965932	S3-194951299,S3-196807183,S3-212713989,S3-311837639,S3-383752042,S3-462332127,S3-489475851,S3-560992956,S3-617920810,S3-779132326,S3-833433115,S3-912799954,S3-977145323
S1-794561761	S2-125209600,S2-481730717,S2-521485245,S3-466168188,S3-50466165,S3-946528637
S1-79590561	S3-52177762,S3-660246778,S3-842866122
S1-801053745	S2-93749685,S3-343357799,S3-381790798,S3-697418013,S3-834768632
S1-801846444	S2-230135357,S3-31964649
S1-802451476	S2-723380300,S3-144496514,S3-170334969,S3-199396673,S3-439515983,S3-494222603,S3-682322762
S1-804423982	S3-110155372,S3-164686055,S3-17035340,S3-173222342,S3-218926417,S3-223891461,S3-361343892,S3-383280367,S3-415590657,S3-418404122,S3-444754246,S3-448858337,S3-49047244,S3-51963825,S3-521967232,S3-543380764,S3-550513217,S3-556997525,S3-565591757,S3-67891283,S3-703540237,S3-753818201,S3-759209902,S3-761631103,S3-762061668,S3-84204651,S3-903244594,S3-991129711,S3-992528350
S1-804534185	S3-89613638
S1-806577663	S3-749420370,S3-853800681,S3-998966677
S1-807531920	S3-193554199,S3-372222854,S3-478581526,S3-527086982,S3-544785037,S3-690637671,S3-971402587
S1-808227752	S2-323920403,S3-125168100,S3-169077515,S3-205578678,S3-269263650,S3-276091982,S3-303234188,S3-755386040,S3-770616759
S1-80873383	S3-431093437,S3-646665112,S3-792509030,S3-992155952
S1-81033582	S2-369813471
S1-810916940	S3-947675514
S1-811788748	S3-253464190,S3-358845256,S3-366069167,S3-474017427,S3-736185245
S1-816637655	
S1-816806651	S3-247058475,S3-296243862,S3-405080433,S3-619760367,S3-699339933
S1-817055009	S3-18679240,S3-736390072,S3-812435025
S1-817548736	S3-189324187,S3-189547455,S3-242863397,S3-258817342,S3-355918766,S3-461306959,S3-54918971,S3-659080890,S3-705878950,S3-733295128,S3-892265455,S3-918429496,S3-974307161,S3-989378742
S1-819898451	S2-328794803,S3-253073854,S3-323850872,S3-337186313,S3-628969160,S3-651019729,S3-696501443,S3-826899359,S3-86970259
S1-820703801	S3-401547726,S3-609907650,S3-695141373,S3-774517777,S3-900104050,S3-948873864
S1-822332610	S3-287135710,S3-766822002,S3-883836451
S1-823382531	
S1-826150712	S3-485937582,S3-574030431,S3-715990736
S1-827961773	S3-645583583,S3-754125041
S1-829166142	S2-117667932,S3-285059636,S3-55531174
S1-82945427	S2-644731866,S3-406733600,S3-432636695,S3-476697696,S3-526974560,S3-579939094,S3-895135351,S3-973987415
S1-830156452	S3-215960399
S1-830248765	S2-129657553,S2-761720544,S3-312675204,S3-515611022
S1-831268867	S2-818823619,S3-543618778,S3-958108651
S1-831923485	S3-91517615
S1-83258310	S3-145426604,S3-770651045,S3-932399412
S1-833585060	S3-273493818,S3-681885368
S1-83379425	S2-752831315,S3-345582727,S3-968232165
S1-834364441	S2-431744728,S3-13581509,S3-884546836,S3-906762610
S1-834525567	S3-102807295,S3-190583918,S3-44187217,S3-448602031,S3-486245350,S3-580432699,S3-632328066,S3-896009429,S3-993597694
S1-837878496	
S1-837916944	S3-29169382,S3-362896666,S3-864581427,S3-904722267
S1-839446795	S2-521708549,S3-289089438,S3-617076200,S3-89949724
S1-840497698	S3-276653919,S3-565553438
S1-843554261	S3-198598191,S3-238987126,S3-249779202,S3-284106014,S3-45593575,S3-468629581,S3-530761959,S3-645824099,S3-755704601,S3-764577159,S3-788299043,S3-895870679,S3-997182257
S1-844343235	S3-323642239,S3-945395662
S1-847840310	S2-470324870,S3-325084225,S3-681533440,S3-705380434
S1-848145225	S3-649317410
S1-849369234	S3-963882351
S1-850605679	S3-630750619,S3-646752181
S1-852048742	S3-213399634,S3-235949253,S3-584544816,S3-906873854
S1-852777299	S3-346024603,S3-62311680,S3-655907936,S3-999451911
S1-853521614	S2-449381822,S3-101785102,S3-30510368,S3-389315898,S3-438043917,S3-598992728,S3-614489204,S3-699124253
S1-85452342	S2-821529557,S3-172809077,S3-177298434,S3-198613259,S3-205199228,S3-221653908,S3-261136423,S3-306139886,S3-310747877,S3-382474400,S3-468962103,S3-516054458,S3-562090679,S3-565341786,S3-575482492,S3-587079,S3-596991436,S3-610449244,S3-616444200,S3-64918897,S3-668497258,S3-690595700,S3-71255008,S3-736801476,S3-805579491,S3-839342745,S3-874118107,S3-883867118,S3-889320238,S3-927493737,S3-949175935
S1-856849042	S3-104829104,S3-209566790,S3-266547797,S3-626363989
S1-857992844	S3-159487450,S3-380348730,S3-535290704,S3-782180487
S1-858030780	S3-463294510,S3-861917212
S1-858558106	S2-580658248,S3-793207490
S1-860091475	S3-967829364
S1-860794391	S3-47861323,S3-7618415
S1-861100110	S3-411312807
S1-864612738	S3-183190002
S1-865132511	S2-536455889,S3-229180252
S1-865528756	S3-269019737,S3-537065584
S1-868105169	S2-294874898,S2-968505057,S3-130118461,S3-25927102,S3-335272018,S3-500092124,S3-596477446,S3-755742836,S3-805299952,S3-896803729
S1-868446826	S3-406264035,S3-495089306,S3-551343011,S3-613549991,S3-701750243
S1-869626749	S3-232721315,S3-300613460,S3-438984705,S3-571729717
S1-871112769	S2-584620183,S3-102042049,S3-271997973,S3-308263671,S3-341934802,S3-49471210,S3-584627149,S3-773567953,S3-966213556
S1-871204465	S3-123507236,S3-250325388,S3-321900489
S1-871677113	S3-222476730,S3-759162115,S3-928900640
S1-8731816	S3-146497402,S3-388444776
S1-873747778	S3-209358115,S3-369863815
S1-874053309	S2-100209391,S3-877499910
S1-876061583	S2-711429167,S3-472600611,S3-583175001
S1-876532311	S3-231313720,S3-438515866,S3-79695331
S1-877495214	S3-432764146,S3-464820572,S3-484608455
S1-879389329	S3-310804766
S1-881055954	S3-792007851
S1-883775116	S3-185404857,S3-345949457,S3-395025487,S3-885311144
S1-889012090	S3-265734095,S3-266229549,S3-334068538,S3-70505823,S3-772359534
S1-893755394	S3-128887804,S3-203296890,S3-235453102,S3-293448418,S3-297983272,S3-32593782,S3-347071966,S3-409759611,S3-422844920,S3-447637818,S3-581353451,S3-626253660,S3-680908914,S3-685341831,S3-797426119,S3-813568705,S3-848447618
S1-894099948	S3-47508426
S1-895742586	
S1-89928972	S3-24238944
S1-899882894	S3-419827930,S3-656531577,S3-767868551
S1-900740725	S3-977842770
S1-901471406	S3-124423065,S3-596665975,S3-902468231
S1-901870264	S3-224666923,S3-402261683
S1-901881022	
S1-90460152	S2-713264333,S2-720833267,S3-130749572,S3-187106397,S3-213254273,S3-233971518,S3-362504212,S3-40619540,S3-470725743,S3-499862390,S3-582977744,S3-62818927,S3-732630723,S3-752934704,S3-817946492,S3-829106245,S3-840918289,S3-882416744
S1-904611805	S3-43648744,S3-471695048,S3-475196672,S3-483699426,S3-484072581,S3-555192444,S3-566483359,S3-566741220,S3-617455863,S3-671339409
S1-904669751	S2-912061170,S3-1169327,S3-245120435,S3-794308222
S1-9051645	S2-195567288,S2-445890930,S3-100596296,S3-141164885,S3-188270721,S3-209526036,S3-318258442,S3-32031045,S3-376092581,S3-405196648,S3-41308411,S3-428562811,S3-440285172,S3-483379775,S3-529469787,S3-572656562,S3-630381327,S3-6561397,S3-7014480,S3-728863098,S3-737433638,S3-744542051,S3-757063413,S3-970483717,S3-983083662,S3-986974752,S3-995070774
S1-905916694	S3-34373681
S1-906300413	S3-581434093,S3-85316668,S3-924724479
S1-906440938	S3-125502210,S3-75939762
S1-906652330	S2-132805742,S2-856031019,S3-112390160,S3-176898920,S3-189396314,S3-212713989,S3-215450995,S3-346004450,S3-455443201,S3-457446761,S3-576759953,S3-66569235,S3-707742656,S3-718585881,S3-758761008,S3-772899363,S3-798390923,S3-826956574,S3-8286148,S3-924439671,S3-977774217
S1-907329636	S2-251860012,S2-876889991,S3-266509870,S3-319148452,S3-413457118,S3-571093632,S3-632137448,S3-694018251,S3-760085015,S3-804196494,S3-852353062,S3-896548583,S3-899700002,S3-905595863,S3-906633346,S3-941290988,S3-970433216
S1-907925633	S2-707200704,S2-846429796,S3-874278793,S3-975273360
S1-909745869	S3-968185535
S1-911587206	S3-639950067
S1-912877974	S3-705646591,S3-974604565
S1-913463340	S3-409966458,S3-673957562,S3-815466452,S3-917123375
S1-913506265	S3-388866191
S1-91413486	S2-257820483,S3-166165694
S1-914496453	S3-125545283,S3-42979283,S3-668449166
S1-914583493	
S1-915527840	S3-447267461
S1-916575962	S3-203031064,S3-852345794,S3-948074527
S1-917024362	S3-707245357,S3-766191527
S1-918052091	S2-678787001,S3-473759838
S1-921369899	S3-118274836,S3-285097097,S3-57594330,S3-779830725
S1-921472883	S3-373240303,S3-873763966
S1-922315905	S3-37409710,S3-52876723
S1-923121813	S3-18007389,S3-261186490,S3-320648652,S3-326684287
S1-923648013	S3-335727118
S1-924840109	S3-496953384
S1-92606707	S3-104188653,S3-27038249,S3-651391392,S3-670008888
S1-927444151	S3-180263559,S3-640088097
S1-927557769	S3-124779074,S3-137928313,S3-164222545,S3-189263908,S3-200018708,S3-207474841,S3-210094172,S3-380527192,S3-439545906,S3-446961680,S3-451958394,S3-473455324,S3-586381281,S3-624925070,S3-634695654,S3-651450808,S3-65738047,S3-661121393,S3-661212133,S3-692870736,S3-713503113,S3-721867353,S3-734671080,S3-739388045,S3-823054115,S3-82944664,S3-88642963,S3-892777689,S3-910907835,S3-91494749,S3-977986907,S3-995395440
S1-927882225	S3-109099882,S3-177587616,S3-270198438,S3-337039108,S3-3512641,S3-389884140,S3-478099509,S3-617621326,S3-642635077,S3-687546632,S3-75074121,S3-788963317,S3-79878127,S3-822147903,S3-834406827,S3-845532558,S3-865579920,S3-867464206,S3-905702205,S3-94392372
S1-928345305	S3-271843343
S1-930793828	S3-195975818,S3-338130652,S3-560322215,S3-767982884,S3-985227835
S1-935415775	S2-127426165,S3-302693509,S3-471432884,S3-878663006,S3-985261297
S1-936631391	S2-800391317,S3-228773809,S3-610349846,S3-816103158
S1-936869465	S3-278512090,S3-522841338,S3-653041243
S1-937654476	S2-389987809,S3-256098862,S3-343614331,S3-357160769,S3-546155175,S3-802439844,S3-857090832,S3-874449289
S1-938016124	S3-109422410,S3-116661325,S3-248140359,S3-537098696,S3-616000831,S3-654708839,S3-770631953,S3-830013682,S3-928488486,S3-937257812,S3-951471326,S3-998118018
S1-938258941	S3-815879244
S1-939502579	
S1-941347586	S3-669279663,S3-923594234
S1-9436160	S3-392530123
S1-943866501	S3-542413395,S3-777185824,S3-913774965,S3-916416746
S1-947868950	S3-142406918,S3-226459713,S3-253202582,S3-264387619,S3-268979363,S3-319242288,S3-402896437,S3-521298568,S3-529491694,S3-665263167,S3-74714164,S3-804063615,S3-805005801,S3-82595564,S3-829438355,S3-866858968,S3-907285425,S3-913237476,S3-94764525
S1-948075425	S3-47238361
S1-948206127	S3-126678375,S3-151451701,S3-162411811,S3-164112817,S3-165614119,S3-170859479,S3-330170701,S3-346523401,S3-347461471,S3-450166723,S3-457715140,S3-518670223,S3-585409564,S3-664322947,S3-691174811,S3-723830319,S3-727053082,S3-837874056,S3-842935852,S3-864058565,S3-908285130,S3-946989472,S3-957881558,S3-977577035,S3-985711220,S3-989006747
S1-950878680	S2-648693678,S3-136357811,S3-146090034,S3-320128933,S3-330972339,S3-355992759,S3-393190742,S3-40700332,S3-604718664,S3-636675061,S3-737652126,S3-759216954,S3-898129600,S3-914115525
S1-954388560	S3-293754973,S3-692902234
S1-955654853	S2-259118554,S3-79621518,S3-840209619
S1-956145942	S2-975715954,S3-174371880,S3-210589755,S3-253538133,S3-607497978,S3-666030263,S3-905769032,S3-973787078
S1-957815349	S3-584027866,S3-904979140,S3-977120547
S1-958711840	S3-929132431
S1-960221997	S3-2003041,S3-282611314,S3-605347652
S1-960366103	S2-710830485,S3-152867770,S3-234667191,S3-409232578,S3-461967585,S3-62251816,S3-660661218,S3-691598656,S3-692358874,S3-81933922,S3-917821410,S3-92880183
S1-960747316	S3-22960445,S3-316989129,S3-374035710,S3-811911602,S3-913372010
S1-961914104	S3-296865071,S3-410470908,S3-421716722,S3-725853936
S1-962993818	S3-88886836
S1-964959625	S2-454483999,S3-133340765,S3-182183829,S3-182513144,S3-261241579,S3-267387119,S3-298684379,S3-348731018,S3-382147083,S3-395629831,S3-514369870,S3-529072996,S3-539513485,S3-573451513,S3-629743825,S3-731215462,S3-744618534
S1-965957271	S3-76219304
S1-966190490	S3-161356637,S3-879220552
S1-966492570	S3-226820728,S3-318227191,S3-404286340,S3-569451641,S3-731039631
S1-969300060	
S1-9710670	S3-893680742
S1-971850426	S3-17847585,S3-272562284,S3-273293364,S3-723937680,S3-875418524
S1-972838933	
S1-973310935	S3-155456571,S3-224486814
S1-976424391	S2-7255293,S3-517296362,S3-937943799
S1-976610203	S3-632635633,S3-736311229
S1-97932183	S3-16817576,S3-389152386,S3-691349837,S3-702463628
S1-980838135	
S1-985309692	S3-158730950,S3-426211686,S3-492161978,S3-652441898
S1-985868749	S3-259231061,S3-609153975,S3-670542935,S3-773016892,S3-848940671
S1-986762816	S3-577735983,S3-644161360
S1-988601275	S2-679919061,S3-316486477,S3-392027354,S3-456147872,S3-463060726,S3-48953053,S3-633815025,S3-639196097,S3-667628432,S3-743596689
S1-989458781	S3-113390101,S3-715146055,S3-73682083,S3-882854728,S3-885448084
S1-990121956	S3-131084003,S3-236505526,S3-371535381,S3-468330849,S3-651651448,S3-719193741
S1-991838189	S3-332214197,S3-338685928,S3-784287095
S1-992327757	S3-56730723,S3-842894258,S3-906727409
S1-992932461	S3-206428718,S3-589716038,S3-629628545,S3-752490634
S1-993469683	S3-643446157
S1-993829678	S3-180776940,S3-415135292
S1-994206564	S2-381326257,S3-44241202
S1-995124333	S3-116139054,S3-892300861,S3-960479358
S1-995838881	S3-45209319
S1-997054700	S2-780718547,S3-355733235,S3-756234126,S3-893639895
S1-997853473	S2-994528455,S3-10462707,S3-494103613,S3-567798850,S3-573163561,S3-77145691,S3-830032349
S1-998460575	
S1-100559941	S3-116000947,S3-146022056
S1-100663700	S3-387194495
S1-101154733	S3-627729885
S1-101819922	S3-443791283,S3-701172560
S1-102067063	S3-281438714
S1-102092317	S3-150845104,S3-361344366,S3-498535319,S3-801060676,S3-80755039
S1-102847291	S3-828172850,S3-889205528,S3-896918489
S1-103648967	
S1-104317115	S3-492949297
S1-105092113	S3-658962636,S3-946183239
S1-105157580	S3-597238966
S1-105827392	S3-777340329,S3-887977648
S1-105994064	S3-208093746
S1-106058458	S3-394900868,S3-751875130
S1-106444771	
S1-106856665	
S1-107742155	S3-889906454
S1-107934072	
S1-108235344	S3-555140185
S1-108279137	
S1-108514721	S2-331615875,S3-852406482
S1-108694927	
S1-109668973	S3-308342443,S3-51565259
S1-1101456	S3-183491247,S3-263432478,S3-313867573,S3-481166661
S1-111380193	S3-707139837
S1-111694025	S3-803364604
S1-112017659	S2-918130504,S3-512045896
S1-112241089	S3-442274625
S1-112878071	
S1-1142590	S2-955266995,S3-10086070,S3-122439192,S3-76254180
S1-114389891	
S1-114621226	S3-474518456,S3-894515032
S1-11559198	
S1-115604131	S3-241614403,S3-612690024
S1-115657234	S3-189975850,S3-21445609,S3-222996368,S3-498990269,S3-510879560
S1-116644692	S3-662610708
S1-116714704	S3-477582197,S3-544171002,S3-66195363
S1-116986524	S3-132934771,S3-507302778,S3-666558810,S3-912438675
S1-117413640	
S1-117946977	S3-656462681,S3-663512892,S3-729624345
S1-11865147	S3-330963121
S1-118926781	S3-788194424
S1-118939506	
S1-119144470	S3-647961482,S3-889882918
S1-119248132	S3-410239058,S3-767221978,S3-870523767,S3-989024758
S1-119303430	S3-250525768,S3-272126845,S3-352050610
S1-120806394	S3-556760526,S3-692123906,S3-922028184
S1-121278089	S3-210197624,S3-702528466,S3-727918569
S1-121319643	S3-37106330,S3-434418619
S1-121350359	S2-638210957,S3-106323804
S1-121670485	S3-156659133
S1-121813230	S3-199209639,S3-481330857,S3-638243673
S1-122542345	
S1-123475953	
S1-123576263	
S1-123587258	S3-723300713
S1-12369353	
S1-124069852	S3-370567743
S1-124755498	S3-787754404
S1-124911378	S3-144219824,S3-517354985,S3-588539713,S3-766937640,S3-783827093
S1-125339420	
S1-125725967	
S1-125863668	S3-105640028,S3-246850830,S3-550553062
S1-125906634	S3-461606175,S3-525346681,S3-903323692
S1-126557493	S3-450329922,S3-707991891
S1-126953632	S3-504978603
S1-127705396	S3-24599404
S1-127758889	
S1-128046478	S2-795210799,S3-138193742,S3-573960225,S3-638450280
S1-128345879	S3-941575117
S1-130033627	S3-267592475,S3-30724476,S3-785562874
S1-131155692	S3-369652506,S3-828279728
S1-131170774	S3-64893670,S3-855483206,S3-945660169
S1-131623880	S3-710087281
S1-131841284	S3-322212114
S1-133484055	S3-114874820,S3-781645205
S1-133539404	
S1-133831982	S3-605588793
S1-13421485	S3-402115836
S1-134467695	S3-220503841,S3-287822138,S3-346887353,S3-935744979
S1-135033061	S3-341614776,S3-810358717
S1-13506955	S2-730414002,S3-216472158,S3-359760971,S3-734380887
S1-135119694	S2-522002794
S1-135707305	S3-915615251
S1-136750675	S3-505798134
S1-137452837	S3-153413709
S1-138094998	
S1-138299062	S3-976154314
S1-138396411	S3-160234263,S3-348450682,S3-56242239
S1-139090022	
S1-139961428	S3-136214102,S3-476150948,S3-833665578
S1-140236337	
S1-140373393	S3-758007664
S1-140410853	S3-603187147
S1-141407942	S3-41174901,S3-96756872
S1-141582671	S3-215041812
S1-142032781	
S1-14237017	S2-533110847
S1-142723272	S3-707798503
S1-143235512	S3-140707323
S1-143287441	S2-623400119,S2-739678362
S1-1433093	S3-875515257
S1-143713318	S3-357523262,S3-959570404
S1-14397657	
S1-144635306	S2-724316425
S1-144705266	S3-12819632
S1-144773134	
S1-145220794	S3-888945890
S1-146259603	S3-126365441
S1-146269669	
S1-147241816	S3-931593960
S1-147535796	S3-304145210
S1-147548498	
S1-147801462	S3-619030711,S3-711709735,S3-834359996,S3-845765323
S1-147842539	
S1-14866099	S3-519060003,S3-841205889
S1-149493537	S3-978376428
S1-149548357	
S1-151157495	S2-625349619,S3-279525855,S3-445928595
S1-151583712	S3-25894370
S1-151701394	S3-465799024,S3-683938125
S1-152393263	S3-71116224
S1-152452493	S3-307513709
S1-152550844	S3-509245051
S1-152560873	S3-159498124,S3-234771429,S3-675741461,S3-714603988
S1-152843114	S3-447410546
S1-15301131	
S1-153207237	S3-116347675
S1-153405972	S3-371616496
S1-15358747	S3-207574852,S3-475440936,S3-492973477,S3-699769810
S1-154326785	S3-210773585,S3-863282883
S1-154668605	S3-582595018
S1-15516794	
S1-155796489	
S1-156259591	
S1-156692471	S3-16209039,S3-235171242,S3-548275883
S1-156894399	S3-246673439
S1-158071126	S3-884460235,S3-940215849
S1-158673108	S3-788544117
S1-158738246	
S1-159301101	
S1-15967051	
S1-159966605	S3-588746092
S1-16017348	S3-525433313
S1-160661450	S3-493176707
S1-161340366	S3-210864094,S3-285321863,S3-384682206,S3-557972543,S3-670611950,S3-805571778
S1-161663716	S3-621042579
S1-161757192	S3-535738893
S1-16185570	
S1-162506438	S3-225656080,S3-257336662,S3-429588140,S3-929561253
S1-162881013	
S1-162954117	S3-724395502
S1-162979840	S3-251662452,S3-763916724,S3-771393773,S3-803443948,S3-806620289
S1-163491314	S3-666751281,S3-831443136
S1-164487982	S3-334319545
S1-164824822	S3-467939839
S1-164923247	S3-203596501,S3-213775088,S3-275153389,S3-463773092,S3-619528388
S1-166391907	
S1-167084059	
S1-167088496	S3-418606391,S3-92170969
S1-167638623	S3-880487485,S3-970761312
S1-168555254	S3-440498161
S1-169797977	S3-799196060
S1-170039772	S3-536065749
S1-170318976	S3-421139932
S1-170348270	S3-190455446,S3-739890973,S3-961397162
S1-170944410	
S1-171028367	
S1-171173719	
S1-173401201	
S1-173823933	
S1-175897406	S2-233024087,S3-232999970,S3-608898889,S3-983887667
S1-177637478	S3-491689281
S1-17833262	S3-72419815
S1-178455790	
S1-178471473	
S1-17901194	S3-922102235
S1-181819964	
S1-181883447	
S1-182826941	S3-878907631
S1-183235572	S3-311145376,S3-62311519,S3-651362863
S1-183650055	S3-947759682
S1-184025150	
S1-184326040	S3-26913471,S3-528076921
S1-185387090	
S1-185790201	S3-374445896,S3-965275707,S3-999176063
S1-187235323	S3-325541709,S3-963007499
S1-187475506	S2-341562633,S3-138775719,S3-318867985,S3-395821130
S1-18794113	S3-824828058
S1-188159349	S3-2189802,S3-817728715
S1-188161132	S3-749528856,S3-870731356
S1-188405729	S3-219837312,S3-333164407,S3-697837994,S3-734122001,S3-754340360,S3-841518136
S1-188647562	
S1-188845334	S3-51840098
S1-188919955	S3-127253856,S3-99425606
S1-189173788	
S1-189302015	
S1-189661852	
S1-18990027	S2-256161773
S1-190008540	S3-353021541
S1-1900469	S3-952925892
S1-190397816	
S1-190843086	S2-902007908,S3-616218373,S3-688043406,S3-782977267
S1-191773418	
S1-192112139	S3-729156892
S1-192181608	
S1-192212558	S3-199875989,S3-787524776,S3-937512934
S1-192330724	
S1-192481319	S3-724112798,S3-893818826
S1-192569110	
S1-192673878	S3-165124152
S1-193066717	S3-739248181
S1-193117504	S3-42520039
S1-193181440	S3-282182355,S3-875382662
S1-193286090	S3-758670105
S1-193477951	S2-583715529,S3-661280425,S3-766597004,S3-830312231
S1-193498865	S3-179592088,S3-797116062
S1-194589041	S2-54469895,S3-41949759,S3-702161414,S3-880114367
S1-195675964	S3-306293324
S1-196031484	
S1-196773667	S2-472358998,S3-468148761,S3-603059897
S1-197067357	S3-823730484,S3-912821375
S1-197357662	S3-256450898,S3-355000663,S3-759355589
S1-197727862	
S1-198662647	
S1-198670661	S3-24302199,S3-543489633,S3-55674182,S3-875836859
S1-199692780	
S1-199696417	S3-314995735
S1-200328362	S3-25609598,S3-410256963
S1-200573371	S3-493035254,S3-543214163
S1-200703389	
S1-200871763	S2-34730811,S3-498905162,S3-633091899
S1-200927253	S3-233786233
S1-201112839	S3-930531923
S1-201842545	S3-659764040
S1-202485661	S3-22136693,S3-412462318
S1-203271860	S2-854685360,S3-530300933
S1-203478566	S3-198148729,S3-708870169,S3-920085124
S1-203534997	
S1-203815310	S3-279947347,S3-38779365,S3-474625373,S3-711719794,S3-882135243
S1-204065542	
S1-204083341	S3-172535495,S3-926939727,S3-992368724
S1-204633959	S3-321053165
S1-205322546	S3-887689433
S1-205956492	S3-547666587
S1-206524236	S3-158857735,S3-373992390,S3-537667318
S1-207004701	S2-741776934,S3-136410241,S3-325902750,S3-726251138
S1-207496353	S3-174378649
S1-207605046	
S1-207701787	S3-44945201,S3-809914321
S1-207800307	S3-154550538
S1-208081991	S3-367800545,S3-614694468,S3-87041369
S1-208197675	S3-965212833
S1-209281220	S3-893592109
S1-209461488	S3-825977066
S1-209595740	S3-247476701,S3-352568461,S3-962221844,S3-978658533
S1-210146847	S3-824343104
S1-210499018	S3-656642396
S1-211251594	
S1-211737803	
S1-212035723	S2-561801568,S3-334635856
S1-212189068	S3-589951000,S3-599995738,S3-605628692,S3-640657214
S1-212340960	S3-151833739,S3-760635019,S3-888974217
S1-214199077	S3-388619531,S3-588249097,S3-706577125
S1-214629590	S3-461311198,S3-934708592
S1-216380214	
S1-218103420	S3-226332935,S3-51978328,S3-768096284,S3-796853799,S3-80270605
S1-218272294	
S1-21929210	S3-206752963
S1-219453359	S3-723343289
S1-219668518	S3-631556580,S3-934653166
S1-219757525	
S1-219806298	S3-505326227,S3-515072235,S3-571916344
S1-219817439	S3-469933018,S3-566556822,S3-887939250
S1-219896237	S3-216014309,S3-383690309,S3-47088644,S3-746404382
S1-220057580	S3-11680805,S3-186230804
S1-220217287	
S1-220247232	S3-5158584,S3-663466169
S1-220454123	
S1-22047221	S3-332487883
S1-220552360	S3-389753615,S3-725572056
S1-220807644	S3-455112453,S3-705193463
S1-221545619	S3-883055037
S1-221670314	S3-672892323
S1-222645796	S3-127315608,S3-561990506,S3-630677920,S3-733557681,S3-789967438
S1-22335277	S3-888944724
S1-224275529	S3-119993756,S3-186771694,S3-511776359
S1-224442543	S3-121558902,S3-357166507,S3-478128761,S3-640882566
S1-224703016	S3-233547683,S3-447806163
S1-224792463	S3-441002261
S1-22482771	S3-352826517,S3-813874081,S3-962982019
S1-225034106	S3-261598754
S1-225825893	
S1-226072612	S3-306917068,S3-731335463,S3-750225036
S1-22652693	S2-800266590,S3-270416288,S3-506736731
S1-226805741	S3-125595144,S3-221143003,S3-582254287,S3-939629538
S1-227038231	S3-128907146,S3-196554591,S3-214889245,S3-387667548
S1-228229787	
S1-229274587	
S1-229382696	S3-572831246
S1-229573265	S3-384148024,S3-705292755
S1-229627467	S3-372271799,S3-507984439,S3-545500470
S1-230238177	S3-26624971,S3-983643035
S1-231982106	S3-268824768
S1-232418369	
S1-232420456	S3-161632176,S3-271130278
S1-232798487	S3-859179571
S1-233860097	S3-41114000,S3-907134923
S1-234455242	S3-224663173,S3-394446860
S1-234569220	S3-95720174
S1-235542592	S3-489893380,S3-668134332,S3-740389319,S3-892002885
S1-23618019	
S1-23624449	S3-222459047
S1-236746325	S3-503914245
S1-237941811	S3-63579371
S1-238126658	S3-103832750,S3-402723804
S1-238911744	
S1-239390193	S3-615028431
S1-240063613	S3-672071118
S1-241026415	S3-26257672,S3-314741203,S3-777141349
S1-241189286	S3-949647760
S1-241640222	
S1-241758739	S3-626550712,S3-768672609,S3-891624214
S1-24190993	S3-384553783,S3-455532027,S3-592617087
S1-242089626	S3-686513766
S1-242507267	S3-663948718
S1-242691036	
S1-242879085	S3-278828635,S3-565294357
S1-24316266	S3-189218643,S3-489083089,S3-660965081,S3-699899923,S3-955406890
S1-243236242	S3-266596107,S3-442661092
S1-243377525	S2-957629543
S1-243540863	S3-13166686,S3-344520577,S3-841495461
S1-24394706	
S1-244151874	S3-297925805,S3-6202527
S1-244242882	S3-523820579,S3-599535319,S3-630332064,S3-710998909,S3-880413867
S1-244474490	S3-572464947,S3-706227830
S1-244903500	
S1-244940399	S2-874696367,S3-762765809,S3-882809411
S1-245125898	S3-211869195
S1-245285153	S3-485906182,S3-740457928
S1-245620451	S2-310723739,S2-573302414,S3-457153795,S3-499796112,S3-674696049
S1-245900925	S3-546043069,S3-635172802
S1-245967620	S3-430732784,S3-577893584,S3-999522314
S1-246613826	S3-812780798
S1-246688366	S3-286665622,S3-331286969,S3-861000726
S1-246844238	S3-456726063
S1-247274429	S3-9265558
S1-248679754	S3-350462307,S3-978672684
S1-248855615	
S1-250797432	
S1-252468250	
S1-255349799	S3-295673786
S1-255512449	S3-633619185,S3-656576609,S3-755308092,S3-766384285,S3-883277504
S1-255599298	
S1-256470137	S2-529130351,S3-884367257
S1-257182022	
S1-25739689	S3-192573929,S3-36483694
S1-257424560	S3-547865546
S1-257953143	
S1-258091290	S3-864586873,S3-928412843,S3-931850255
S1-258544368	S3-719189466
S1-258850703	
S1-258855579	
S1-259172941	S3-684706499
S1-259620026	S3-679969178
S1-259892627	S3-196459092,S3-410611510
S1-260359811	S3-170584272,S3-48413258,S3-922222086
S1-260440405	S3-913399081
S1-260721574	S3-514415413
S1-260793785	
S1-261204121	S3-182520897,S3-89373727
S1-261393939	S3-378597581,S3-798716809,S3-934155210
S1-262020943	S3-261700922,S3-337711182,S3-68980950
S1-262086042	S2-325956139,S3-563466553
S1-263026652	S3-24700421,S3-345600880,S3-536631297,S3-920142687,S3-945686019
S1-263085782	S3-540919753,S3-690216704
S1-263401495	S3-393311042,S3-569833913
S1-263655910	
S1-263854686	
S1-264458723	S3-468242670,S3-877982352,S3-997208936
S1-265308634	S3-336206244,S3-498905162
S1-265572251	S3-456541281
S1-26583335	S3-787060996,S3-825482404
S1-266026703	S3-20545998,S3-521490851
S1-26628666	S3-219918523,S3-635953835
S1-26635653	S3-300873392,S3-606563389,S3-849143043,S3-893046895
S1-266555379	S3-429023622,S3-470118490
S1-266914077	S3-82318270,S3-965548811
S1-268615618	S3-157040954,S3-3533114,S3-410848601
S1-269499779	S3-317413229
S1-270110984	S3-618430685
S1-270538282	S3-386280432,S3-770013095
S1-270542494	
S1-270670859	
S1-270951405	S3-602086739
S1-271495771	S3-195285194,S3-415143498,S3-851788129
S1-27174537	S3-238294977
S1-271891359	S3-564111477,S3-794010460,S3-919785804
S1-272723892	S3-586934246,S3-591488665
S1-273070650	S3-172442713,S3-786067819,S3-873037348
S1-273079514	
S1-273121201	S3-668558534
S1-273249163	S3-215702582,S3-667897402
S1-273531258	S3-982510707
S1-274266477	
S1-274490349	S3-415148349,S3-445223047,S3-600871364,S3-63040993,S3-676146873,S3-719366997,S3-941266453
S1-274886557	S3-333931402
S1-275568256	
S1-276052128	S3-507025623,S3-867492533
S1-276356599	
S1-276795644	S3-428100849,S3-491707208
S1-276858394	S3-795106501
S1-277014634	
S1-277377920	S3-717702234
S1-27743169	
S1-27764246	S3-234610711
S1-279156625	S3-331799365,S3-95674576
S1-279406968	S3-492857284
S1-279446806	S3-532411279,S3-975016559
S1-279892562	S3-538984054
S1-280204013	
S1-280495529	S3-678337340
S1-280936763	S3-582596839,S3-713087042
S1-281162340	S3-219591398,S3-224426970
S1-281170415	S3-23120908,S3-249011004,S3-254568919,S3-383478012
S1-282307218	S3-269052056,S3-455691700,S3-819041401
S1-282519970	
S1-282690027	S2-527146506,S3-268143045
S1-28319635	S3-328707584
S1-28341566	S3-326308275,S3-522721526
S1-283478795	S3-81893120
S1-284126036	S3-143163754,S3-153273038
S1-285614131	S3-601380631,S3-922303938
S1-286465454	
S1-287307821	S3-945922624
S1-28776613	S3-560278285
S1-288261457	S2-952048795
S1-288311477	
S1-288364156	
S1-288798628	S3-337433331,S3-709284714,S3-958939269
S1-289522425	
S1-289797	S3-212791363,S3-623635836
S1-289814696	S3-412506499
S1-290238589	
S1-290658366	S3-837234575
S1-290682973	S3-920481769
S1-290690797	S2-855451963,S3-369420442
S1-291421275	S3-150796324,S3-24121178,S3-42212669
S1-291584542	S3-589820058
S1-291608573	
S1-29177421	S3-20480539,S3-595642200
S1-292044369	S3-111226132
S1-292595404	S3-577667226,S3-627371191,S3-93331440
S1-292703509	
S1-292757389	S3-770875932
S1-293570372	S3-138004424,S3-27971429,S3-792177221
S1-293619205	S3-460781755,S3-784399179
S1-293690295	S3-411897878,S3-424074983,S3-680293106
S1-29383021	S3-150496756,S3-406401777,S3-693764934,S3-999021289
S1-295178690	S3-225637509,S3-673666775
S1-295261461	S3-409336923,S3-583333911,S3-634087602,S3-765178251
S1-29596643	
S1-29676446	S3-212600677,S3-226288477,S3-299535241,S3-756147810,S3-801513119
S1-297420248	S3-736540970,S3-827153155,S3-97121895
S1-297449293	S3-482903072,S3-703077746
S1-297785554	S2-652740061,S2-767997013,S3-366780893,S3-676145054
S1-298114695	S3-948522823
S1-299047552	
S1-299218591	S3-359706086,S3-534673249,S3-76181717
S1-301030368	
S1-301542266	
S1-30158707	S3-402190170,S3-63539296,S3-670248928,S3-808819466,S3-881993043,S3-94688290
S1-302219416	
S1-302253652	S3-506819336
S1-302515345	S3-655742144,S3-782486987
S1-302536542	S3-142831455,S3-971116668
S1-302908797	
S1-303271605	S3-535638150
S1-303714420	S3-625536292,S3-639113889,S3-658901835
S1-303885393	S3-267881212,S3-336437438,S3-537039741,S3-630291944
S1-30488057	S3-828545300
S1-304897216	S3-699521816
S1-305472241	S3-160713078,S3-639490618
S1-306211548	
S1-306516652	S3-911789808
S1-307837973	S2-348350126,S2-780573088,S2-967010342,S3-109190626,S3-64146394
S1-307993358	S3-137226087
S1-308199161	
S1-308217733	S3-365084411,S3-770225110
S1-308606575	S3-364982992,S3-853781692
S1-308621662	S3-640944574
S1-309090195	S3-274125868,S3-52522261
S1-309407790	S3-687918916
S1-309536194	S3-437323030
S1-309553368	
S1-310373781	
S1-311974093	S3-829599479,S3-871819463
S1-312195197	
S1-312230871	S3-485549182,S3-87636033
S1-312512725	S2-442169767,S3-329839092,S3-431858923,S3-471427345,S3-798800589
S1-312712586	S3-444646387
S1-313092170	S3-257078759,S3-378715208
S1-313444553	S3-70926426,S3-891520692
S1-31347471	S3-886682079,S3-919251185
S1-313657958	
S1-313914585	S3-275197872
S1-314223426	S3-143985058,S3-855265476,S3-978009888
S1-314539588	
S1-314546470	S3-270290704,S3-899472249
S1-314995995	
S1-315347506	
S1-315658788	S3-485074229
S1-316133144	S3-964838874
S1-317114355	
S1-317432810	S3-214179612
S1-31753683	S3-407920047,S3-486582458,S3-746462824,S3-799594528
S1-317928365	S3-228161558,S3-617354062,S3-703115104
S1-318150136	S3-501539792
S1-318768177	S3-297868638,S3-640220132,S3-799710445
S1-319015810	S2-167024467
S1-319364566	
S1-320091445	S3-644065373
S1-320500349	S3-199270205
S1-321869706	S3-156992272,S3-716470216,S3-794930402
S1-321877886	S3-508498213
S1-322014701	S3-263575684,S3-662334585
S1-322360664	S3-476929168,S3-865743230
S1-322970668	
S1-323057996	S3-310997048,S3-394271549,S3-403101383,S3-413041401,S3-915710924
S1-323395452	S3-452385707
S1-32343109	S3-7758890
S1-323511182	S2-848549366,S3-379482561,S3-724654869,S3-746079870
S1-323879580	S3-347472457,S3-562532071,S3-7948060,S3-917340128
S1-323952679	S3-106522140,S3-20549881,S3-584481558,S3-740701475
S1-324026952	S3-77261817,S3-801763890
S1-324107840	S3-777247372
S1-324196829	
S1-324844623	S3-381394483,S3-675676920
S1-325974220	S3-127528366
S1-326096576	
S1-326577382	S3-741245569
S1-32677738	S3-306171095,S3-562867334,S3-951913641
S1-326846186	S3-438011062,S3-689813159
S1-327201326	S3-106840757
S1-327516008	S2-24342038
S1-32767080	S3-132323777,S3-249785537,S3-434526002,S3-553223448,S3-762866826
S1-327910401	S3-270675976,S3-830185079
S1-327983313	S3-106384703
S1-328236147	S3-423121455,S3-640187676
S1-328366197	S3-760958926
S1-329065638	S3-655200386
S1-329225052	
S1-329237081	S3-331605164,S3-404467453
S1-329479952	
S1-329833334	S3-404093260
S1-330401139	S3-793754331
S1-330425761	
S1-330575204	S2-181538973,S3-148672762,S3-898017070
S1-331218402	
S1-33122397	S3-100829326,S3-537048308
S1-331707670	
S1-331754887	S3-375229026,S3-899792501
S1-332415230	S3-256755516,S3-994943479
S1-332618783	S3-362420160,S3-460367332,S3-562772588,S3-87141592,S3-909032293
S1-333239676	S3-418385493
S1-334010423	S3-432327904
S1-334449216	S3-291763045,S3-801377931
S1-334996447	S3-228158923,S3-259683780,S3-470163506
S1-335092922	S3-349589359
S1-3359337	S3-53002278
S1-336158652	S3-332945250
S1-33658399	S3-263809032,S3-483403411,S3-565319911,S3-764027286
S1-336757149	S3-457708981,S3-512597313
S1-337122273	
S1-337300085	S3-467184968,S3-532659004,S3-948180784
S1-337769660	S3-132899466,S3-796790018
S1-338136835	S3-784784757
S1-338401200	S2-309322277,S3-104676057
S1-338592807	S3-20390093
S1-339004252	
S1-339015166	
S1-33910362	S3-17293761,S3-290966325,S3-93719960
S1-33929475	S3-131248610
S1-339889874	
S1-339930040	S3-216414820,S3-288459264,S3-342364541,S3-584027570
S1-340048641	S2-716290526,S3-2227543,S3-30755483,S3-466213018,S3-512681098,S3-942576928
S1-340381642	S3-145715274,S3-665354611
S1-340439104	
S1-341072338	S3-360924789,S3-542778940,S3-762953833
S1-341452973	
S1-341474464	
S1-341837466	S3-157914013,S3-598292003,S3-907489267
S1-341940741	
S1-342769339	S3-100859612,S3-177683130,S3-593411449
S1-342951831	S3-611136768,S3-98624171
S1-343273828	
S1-343552222	S3-387734936,S3-604063898,S3-896337978,S3-958803111
S1-344144068	
S1-344832383	S3-137308003,S3-610118593
S1-344943699	
S1-34532252	
S1-345423245	S3-92632624
S1-345660337	S3-498621300,S3-897444216
S1-346094403	S3-313195298
S1-346357531	
S1-346760887	S3-626595903
S1-346872030	S3-158404660,S3-405970465,S3-52688538,S3-767612910
S1-347041481	S3-104137968,S3-607171573
S1-347075165	S3-178943468,S3-337659266,S3-841420348,S3-996940629
S1-349094421	
S1-34932143	S3-248641813,S3-443696448,S3-605852365
S1-34983322	S2-118314203,S3-12493830,S3-782773361,S3-874542182,S3-963968599
S1-351458450	S3-663187267,S3-694364509
S1-351659438	S3-154605855,S3-253704646,S3-45856996,S3-666433547
S1-351688184	S3-279889531
S1-351698413	
S1-351748619	S3-35192974
S1-351949258	S3-114881667,S3-269656666,S3-388671279
S1-352587960	
S1-353310159	S3-14832949,S3-37402386
S1-353379964	S3-351473126,S3-360406100
S1-353664395	
S1-353799923	S3-359731247,S3-799776803
S1-354244869	
S1-354455611	
S1-354911905	S3-48873359,S3-605867807,S3-841599775
S1-354931910	S3-314100994,S3-34579,S3-820014829
S1-355069513	S3-188762702,S3-827651185
S1-355078971	S3-259531664,S3-775158205,S3-823212755
S1-3557546	S3-830384836
S1-35578091	S2-812811748
S1-356031531	S3-775430986
S1-356288671	
S1-357170162	
S1-357444541	S3-304839065,S3-542682436
S1-358071494	S3-231769594
S1-358639823	S3-949738279
S1-358927120	S3-147802052,S3-96746280
S1-359825340	S3-131775251,S3-29133792,S3-321439914,S3-581370048
S1-359914494	S3-848920396
S1-36048451	S3-290404222,S3-589715619
S1-360766720	
S1-361005848	S3-400873926
S1-362412235	S3-572346712
S1-362433069	
S1-362900691	S3-443855007,S3-490636247
S1-363061415	
S1-364492309	S3-801666720,S3-969466218
S1-365130035	
S1-365170694	S3-223519390,S3-487843250
S1-365475533	
S1-366528589	S3-239459493,S3-269373616,S3-816345739
S1-366538983	S3-335932422,S3-989810968
S1-36705144	S3-595813194
S1-367729398	
S1-367995246	S3-431709981,S3-808332051
S1-368898506	
S1-370025695	S3-37249094,S3-386733189
S1-370694887	S3-863630193
S1-371215032	S3-152625129
S1-372245082	S3-309442192,S3-577631459,S3-725877112
S1-372285376	S3-212421383,S3-376277435
S1-372445638	S3-915568259
S1-374644632	S3-409270311,S3-805882874
S1-375576084	
S1-375579069	S3-589381224,S3-622343257,S3-825146024
S1-376620147	S3-668737503
S1-377389469	S3-389725898
S1-377471644	S3-106044742,S3-835622399
S1-377572890	S3-420199220
S1-377916068	S3-472459483,S3-705091741
S1-378191895	S2-746770482,S3-577402597
S1-378364734	S3-538411415,S3-927336811
S1-37878759	S3-194587360,S3-425723607,S3-680816921
S1-37907520	
S1-379381643	
S1-381237857	S3-21834771,S3-659165045,S3-951570363
S1-381894503	S3-484890428,S3-719591193
S1-382076507	S3-61597037
S1-382169090	S3-12690867,S3-435268829
S1-38217705	S3-640079084
S1-382212549	S3-449912900
S1-382272515	S3-420358418,S3-880197045
S1-382279860	S2-797752377,S3-691068650,S3-780102513
S1-382284080	S3-691994479
S1-382746444	S3-98946206
S1-384050302	S3-866510935
S1-384498663	S3-64961525
S1-384861092	S3-465222973
S1-385569722	S3-438309312,S3-563079953,S3-913845405,S3-964417518
S1-385900426	S3-92550339
S1-386152689	
S1-386241303	S3-270079753
S1-386630305	S3-476489339
S1-386632032	
S1-386835187	
S1-387278254	S3-364801892,S3-401088556,S3-525939924
S1-387370379	
S1-388199288	
S1-388203613	S2-815961481,S3-721282192,S3-93424226
S1-388245391	S3-444519889
S1-388257101	S3-283937507
S1-388362966	S3-53026805
S1-388718355	S3-446550755,S3-630364670,S3-780333550,S3-966146343
S1-388748611	S3-152190004,S3-216570982,S3-380444253
S1-389115869	S3-440231971,S3-723668070
S1-389348663	S3-6005452,S3-63346058,S3-756138914
S1-389829785	S3-394460898,S3-774812920
S1-390633817	S3-968602116
S1-391244573	S3-522723356,S3-617600074
S1-391263719	S3-637476348,S3-72212269,S3-944904123
S1-391836868	S3-284245066,S3-33226276,S3-744333732
S1-3931086	S3-793348177,S3-825938197
S1-39428958	
S1-394642076	S3-391537498,S3-43208533,S3-470698815
S1-394675558	S3-243404829,S3-257406416,S3-315077169
S1-395216449	S3-117809082,S3-873311901
S1-395693371	S3-347642615,S3-47653265,S3-611301841,S3-648510281,S3-810521422,S3-975789468
S1-39575732	S3-597984760
S1-39608811	S3-140881595,S3-182536681,S3-639907728,S3-841843337
S1-397514626	S3-143478814,S3-683176901,S3-927909618
S1-397555731	S2-700826517,S3-152457782,S3-801558425
S1-398156092	
S1-398156689	S3-760938191
S1-398284347	S3-722486352
S1-398462363	S2-480272688,S3-939292226
S1-398641009	S3-117596377,S3-118440910,S3-361313761,S3-966108486
S1-398975579	S3-900723160
S1-399371867	
S1-399637217	S3-100648970,S3-232735767,S3-489796120
S1-40017900	S2-273920005,S2-736219122,S3-618718503
S1-400212184	S3-235393221,S3-968682962
S1-400442702	S3-131618800,S3-277425567,S3-462046716
S1-401305941	S3-135965620
S1-40133428	
S1-401358579	
S1-40150263	S3-319106544,S3-60238617
S1-401864203	S3-293857411,S3-349319994,S3-552806779
S1-401904160	S3-206281752
S1-402387176	S3-367395158,S3-443876030
S1-402494925	S3-118992027,S3-214392429,S3-51033021,S3-540695178,S3-553310230,S3-606940916
S1-402621048	S3-306200970,S3-564329292
S1-403810741	S3-221473628
S1-404150193	S3-266039271,S3-389200171,S3-463938564
S1-40438195	S3-363553644,S3-386863220,S3-634614582
S1-404958214	S3-642928231
S1-405064024	
S1-405074481	S3-102308224,S3-483361500,S3-862996418
S1-405539317	S3-319504807
S1-405543619	S3-59739672,S3-861876319
S1-406589576	
S1-409044385	
S1-409336656	S3-272260214
S1-409710402	S2-133369381,S3-864087342
S1-409728051	S3-21415311,S3-650300024,S3-700852044
S1-41022573	S3-792455084,S3-827471001,S3-95823680
S1-410481696	S3-234494974
S1-411150863	
S1-412616901	S3-128808512,S3-294246787,S3-407528913
S1-412875621	
S1-413848349	S3-436056424,S3-458422003
S1-414932577	S3-470597563
S1-414946644	S3-105869615
S1-415245659	S3-270146427,S3-498659347
S1-415302434	S3-576329809
S1-415387940	
S1-415400097	S3-228600856,S3-441486592,S3-552772693
S1-415414688	S3-351215890
S1-416123988	S3-233514521
S1-416401127	S3-350645087,S3-710882857,S3-900918340
S1-41643447	S3-567773394,S3-622841686,S3-893827785
S1-417606815	
S1-419058082	
S1-41923451	
S1-41940589	S3-297171159,S3-738398172
S1-419427065	S3-988947390
S1-419501830	S3-102169325,S3-770844883
S1-421949472	S3-213056941,S3-245869175,S3-463474289
S1-421998899	S3-407828706
S1-422308362	S3-278956088,S3-480654428,S3-825099440
S1-42258623	S2-486211996,S3-945527557
S1-423209851	S3-474223151,S3-886644317
S1-423414451	S3-9384233
S1-423790587	
S1-424061347	S2-601351649
S1-424557906	S3-597031358,S3-891555216
S1-42502314	S3-997439599
S1-425145206	S3-63112275,S3-640409045
S1-426766569	S3-998841459
S1-426796552	S3-424921523
S1-427232710	S3-509638478
S1-427531485	S3-104857825,S3-348680505,S3-870627762
S1-427559996	
S1-427673149	S3-565827408
S1-428409415	S3-509875411,S3-603598079
S1-428513969	S3-728764152,S3-93234366
S1-428668184	S3-484594821,S3-884125274
S1-428988524	S3-248490654,S3-549721887,S3-687962134,S3-724371020
S1-429756989	S3-43060479,S3-624769207,S3-663728710,S3-713270483
S1-430113075	
S1-430338474	S3-763848770
S1-43083318	S3-328021286,S3-532622536
S1-431598643	S3-441686246,S3-618161908
S1-431741749	
S1-432173149	S3-247533610
S1-432612382	S2-968883222,S3-844872054,S3-876260974
S1-432635859	S3-233248331,S3-590911217,S3-960290667
S1-43296348	
S1-433760222	S3-180225577,S3-238280964,S3-305933882,S3-62066033
S1-434169097	S3-455538020,S3-992473062
S1-43543541	S3-40532089
S1-436221709	S2-755844670,S3-19579351,S3-305089261,S3-614483295,S3-827272051
S1-436389656	S3-978841330
S1-436994877	S3-406368029,S3-590833576,S3-926612503,S3-931986783
S1-437352705	S3-244096262
S1-437999839	
S1-438016854	S3-621261326
S1-438532591	
S1-438605996	
S1-438746215	S3-608037790,S3-72431725
S1-439294194	S3-458083247,S3-626984229
S1-439617663	S3-169308027
S1-439778447	S3-724260679
S1-439896911	S2-100509344,S2-955131933,S3-433005219
S1-440039154	
S1-440645767	S2-397123904,S3-505782963
S1-440751205	S3-707450991,S3-729992199
S1-440971196	
S1-440988123	S3-389708128,S3-842944152
S1-441057333	S3-323918342
S1-441630804	S3-327882373,S3-456975368,S3-65099325
S1-441734006	
S1-441737927	S3-243478852,S3-347552907,S3-773668983,S3-838600540
S1-442441700	S3-887300164
S1-442704690	S3-276903369,S3-75761940
S1-443276260	S3-545781835
S1-443534708	S3-479276420,S3-626930124
S1-443768681	S3-328796309
S1-443812790	S3-100682266,S3-158001112,S3-536957868,S3-795706492,S3-815845144
S1-444062227	S3-609900552
S1-444520529	S3-530449927,S3-574471997,S3-897997786
S1-444801830	S3-8714040
S1-445049339	S2-421967188,S3-549840182
S1-445155683	S3-568536093
S1-44516836	S3-239420158,S3-325045609,S3-466504960
S1-445520074	S2-830656988,S3-280033499
S1-445694698	S3-444313864,S3-810125417
S1-446270407	S2-969828247,S3-104589401,S3-280081826,S3-308754341
S1-446731231	S3-295790853,S3-396999680,S3-537033624,S3-586745286,S3-59344919
S1-44674670	
S1-446819700	S3-57182429
S1-447356392	S3-49630958
S1-44803560	S3-467264587
S1-449015682	S3-190665363,S3-401846060,S3-511453450
S1-450039152	S3-655597978,S3-660633043,S3-770401177,S3-853116106,S3-864865243
S1-450297037	S2-952911724,S3-450553196,S3-913898502
S1-450337428	S3-406435835,S3-450620976,S3-469642118,S3-722440900,S3-764964255
S1-451147414	
S1-451281826	S3-747816231
S1-451354794	S3-655443028
S1-452583127	S3-29789424,S3-35890400,S3-516268872
S1-452851960	S3-397814546,S3-990591644
S1-453383072	S3-773699148,S3-803589384
S1-45340570	S3-253379044
S1-453662024	S3-454618931
S1-454018980	S3-800597787
S1-454570944	
S1-454866261	S3-133857765
S1-455312242	S3-105486079
S1-455827432	S3-978705909
S1-457601305	S3-357355808,S3-730458680,S3-880101007
S1-45874017	S3-776819370
S1-458934119	S3-155679160,S3-790248546
S1-458953413	S3-135918826,S3-836027160
S1-459365976	S3-333127832
S1-459442196	S3-375203289
S1-459645780	S2-269509975,S3-104176868,S3-833169664
S1-460171647	S3-564094130
S1-460205017	
S1-460394558	S3-598783802
S1-460721139	S3-392822639,S3-570791985
S1-460829054	S3-15998198
S1-461670379	
S1-461769524	S3-25474258
S1-461785753	S3-202928498
S1-463287529	S3-852581654
S1-46448200	S3-405202115,S3-705012652,S3-904060220
S1-464735932	S2-468067303,S3-28151790,S3-318004513
S1-465658290	S3-548154160
S1-465727031	S3-373397133,S3-48480665,S3-610804887,S3-948011366,S3-987221402
S1-466756397	S3-110233510,S3-602975789,S3-965784967
S1-466875253	
S1-466908741	S3-530170522
S1-46734148	S3-720043401
S1-468118516	S3-202653360,S3-310632186,S3-407268007
S1-46843784	S2-693539629
S1-46926584	S2-294806259,S2-343384693,S3-877367332
S1-469837394	S3-88322401
S1-470685162	
S1-471181731	S3-183477361,S3-258790803
S1-472029773	S3-325132291,S3-559726848
S1-472058848	S3-30107070,S3-432091277,S3-812546805
S1-472264276	S3-719918217,S3-773009682
S1-472443883	S3-410903825,S3-608910117
S1-473518955	S3-468315195
S1-473979905	
S1-474860754	
S1-474959546	S3-36345605
S1-475297048	S3-67246776
S1-475383857	
S1-475434066	S3-208875726
S1-475510490	
S1-475834262	S2-820873019,S3-301384000
S1-47602109	S3-151581230
S1-476107718	S2-191967017
S1-476767163	
S1-477329215	S3-284303113,S3-517574792
S1-477481289	S3-670281207
S1-477880236	S3-32517549,S3-420274251,S3-432700988,S3-997294703
S1-47803313	S3-403085969
S1-478187960	
S1-479052676	S3-26702933,S3-893335675
S1-479574617	S3-407377878
S1-479728994	S3-565532838
S1-480011150	S3-949145999
S1-480102394	S3-182330180,S3-926894171
S1-48042398	
S1-480447397	
S1-481026952	
S1-481602413	S3-701284778
S1-481669221	
S1-481688477	S2-103272275,S3-182765483,S3-373157461,S3-948680092
S1-48180936	
S1-482176232	S3-224524161,S3-419399677,S3-504250901
S1-482534229	S3-29034968,S3-632758175
S1-482854525	S3-917165740
S1-483088494	S3-667597135,S3-937185024
S1-483126440	S3-348709689,S3-484224228,S3-892415152
S1-483199532	S3-247319425,S3-383865272,S3-91634154
S1-483924925	S3-63487895,S3-737223020
S1-483947147	S3-633025220,S3-979779749
S1-484023776	
S1-484349079	S3-113246901,S3-601415960,S3-640758795,S3-686593460,S3-80095208
S1-484675859	
S1-484891659	S3-318656825,S3-442379812,S3-483017530
S1-485290093	S3-582205674
S1-485319984	S3-332994601,S3-920595173
S1-485331101	
S1-486297486	S3-635174391
S1-486737296	S3-728309019
S1-487057151	S3-302508124,S3-31770376
S1-488052935	S3-19195590,S3-474714771,S3-534010725,S3-846505928
S1-488402858	S3-324841605,S3-613478837,S3-836190112,S3-999878610
S1-489030124	S3-303459078,S3-831578392
S1-489140946	S3-598836171
S1-489260119	S3-910023248
S1-489433719	S2-558016818,S3-422296921
S1-489495432	S3-746687069
S1-489611014	
S1-4896176	S3-638952404
S1-489782023	
S1-490136479	S3-382320657
S1-491326243	S2-894491562,S3-394276246,S3-561208385,S3-701909978,S3-839358901
S1-49168638	S3-137787840,S3-493408611
S1-491775540	S3-457501877,S3-997527359
S1-491794520	S3-629139711,S3-692216647
S1-49213081	
S1-492285617	S3-574770341,S3-904943891,S3-992898867
S1-492617062	S3-514322529
S1-49303005	S2-755917623,S3-223320186
S1-493084871	S3-517096095
S1-493139457	
S1-493183640	S3-666395247,S3-712600560,S3-964475955,S3-964761707
S1-493735795	S2-20091273,S3-196105900,S3-959940173
S1-493959729	S3-10104461,S3-773383671,S3-802682983
S1-494090197	S3-408478445,S3-463914366,S3-72431634
S1-494420506	S3-348642047,S3-437287288,S3-570818890,S3-594082347,S3-832110358,S3-980876019
S1-494945932	S3-680789314
S1-495018313	S3-316485408,S3-938198158
S1-495291598	S3-417604625
S1-495577357	
S1-496369034	
S1-497049386	S2-652759537,S3-107977847,S3-441865377,S3-902915127
S1-497155472	S3-128507293
S1-497891937	S3-336764999,S3-688200368
S1-49817228	
S1-498282217	
S1-498309017	S3-556113228
S1-499266884	S3-64285373
S1-499554654	S3-367279403
S1-500222888	
S1-500308575	S3-450930309,S3-998594855
S1-500842861	S3-590665163
S1-500922440	S3-218936405,S3-26564204,S3-360140904,S3-479392485,S3-541444996
S1-501093053	
S1-501413716	S3-347782970
S1-501530802	
S1-501646722	
S1-501669810	S3-117586172,S3-638868652
S1-501819870	
S1-501963178	
S1-502077539	
S1-502376041	S2-551281247
S1-502799064	S3-285188020,S3-289585285,S3-930714621
S1-503010787	S3-651819506
S1-503016984	
S1-503080733	
S1-503487168	S3-289438246
S1-504311943	
S1-504750404	
S1-505231899	S3-477067207,S3-900377191
S1-506221833	S3-481785805
S1-506457060	S3-534745552
S1-506616978	S3-573560182
S1-507057032	
S1-507657774	S3-47721725,S3-505256576
S1-507700514	
S1-508560862	
S1-510129267	
S1-510394669	
S1-510504700	S3-221799824,S3-64228401,S3-999305799
S1-511066423	S3-531726421
S1-512127022	S3-279005732,S3-310316377
S1-512939599	S3-742342095
S1-512996230	S3-975283775
S1-514574374	
S1-514613275	
S1-514730817	S3-56458360
S1-515072958	S2-192790494,S2-225884489,S3-254515323,S3-630649001
S1-515305398	
S1-515583222	S3-117011890
S1-5165369	
S1-516649368	S3-183757622,S3-359303834
S1-517214676	S3-589824348
S1-517260039	
S1-517585252	
S1-517651003	
S1-517740762	
S1-519190170	S3-647133672,S3-908987077
S1-519677292	S3-60592553
S1-520079990	S3-411123030
S1-52033338	S3-319748046,S3-707790277
S1-520423988	S3-282041705,S3-414939916,S3-574674313,S3-937082804
S1-520521583	S3-598425322
S1-521308469	S2-688557403,S3-528551477,S3-66757977
S1-52153457	
S1-521720736	
S1-522761114	S3-102356730,S3-113381692,S3-518672704,S3-99644247
S1-522773787	
S1-522825722	
S1-522847261	S3-648382649
S1-523196895	S3-707838959,S3-840555730
S1-523607347	
S1-524471698	
S1-524673939	S3-322529707,S3-922643901
S1-524947947	
S1-525529357	S3-106058299
S1-52553681	S3-183891751,S3-213759419,S3-509569516
S1-525697902	S3-360394370,S3-51808742
S1-526177796	S3-238408316,S3-72165050
S1-526311181	
S1-526334226	S3-477707800,S3-5213817,S3-611069625,S3-930784323
S1-526705455	
S1-527101867	S2-274370214,S3-538147075
S1-527663205	
S1-527818224	S3-288542497
S1-528122468	S3-676880904
S1-528495462	
S1-528540995	S3-785946053
S1-528837280	S3-232156820
S1-529469516	S3-982893132
S1-529684905	S3-728782653,S3-95015773
S1-531042031	S3-538766763
S1-531092926	S3-823494536
S1-531859994	S3-736349509
S1-532289684	S3-17320811,S3-681091130
S1-532559322	S3-699148872,S3-985712062
S1-532967605	
S1-533126499	S3-537899223
S1-53338151	S3-166038860,S3-25844596,S3-92069066
S1-533464021	S2-218699730,S2-709045305,S3-897496201
S1-533583412	
S1-53387088	
S1-534346740	S3-470696189
S1-534513269	
S1-534989528	
S1-535081564	
S1-535205962	S3-487092275
S1-53619295	S3-157301370,S3-189097959,S3-404371482,S3-619005182
S1-536250985	
S1-536357910	S3-824544063
S1-537258330	S3-724197962
S1-537386709	
S1-538080209	
S1-538253391	S3-220044513,S3-788691630
S1-538485261	S3-756828045
S1-539293894	S3-55942951,S3-867287805,S3-933389277
S1-540466437	S3-690378084,S3-806975320
S1-540647065	S3-71378623
S1-541361289	S3-123833795,S3-575630421,S3-661614653
S1-541668027	S3-239202199,S3-465563371
S1-543210716	S3-846941744
S1-543400611	
S1-54366319	S2-219230797,S3-142965117,S3-216219371,S3-455206479,S3-940776619
S1-544181355	S3-854570694,S3-933177632,S3-980238489
S1-54420205	S3-361147505,S3-998854084
S1-544222533	
S1-544612229	S2-388535190,S2-630641496,S3-165295886,S3-232174383,S3-276063220,S3-967967774
S1-545201764	S3-350768487,S3-837718339
S1-545313647	S3-295197278,S3-318120455,S3-535242284,S3-617527516,S3-833294468
S1-546182661	
S1-546949477	
S1-547021470	S3-372553899
S1-547036696	
S1-547253134	S3-278358195,S3-821593770
S1-547528968	
S1-548385950	S3-903225713
S1-549104471	S3-401331785
S1-549228388	S3-374100379
S1-549240253	S3-156801535,S3-345494236,S3-381697413,S3-925710503
S1-549445098	
S1-550154910	S3-162844497
S1-550464269	S3-765393839
S1-550679918	S3-161648420,S3-510734001,S3-527645230
S1-551017501	
S1-551590476	S3-336844477
S1-552047258	S3-428514109,S3-496906998,S3-80445728,S3-904790066
S1-552089124	S3-201465901
S1-552090769	S3-871308262,S3-997452390
S1-552966879	S3-692112360
S1-553186193	S3-375137324
S1-553289156	S2-912365986
S1-553805025	S3-110895946,S3-722588605
S1-554290205	S3-286265621,S3-582557079,S3-663392788,S3-855709217
S1-554606367	S2-199676050
S1-55480559	
S1-555350289	S3-179182262,S3-760846695
S1-555369317	S3-644754400,S3-660519294
S1-555410066	S3-556505542,S3-930503730
S1-555579481	S3-9022958
S1-55639441	S3-20860005,S3-214218850,S3-559361713
S1-556611862	
S1-557084750	
S1-557113881	S3-310053419
S1-55716966	S3-409569947
S1-558484785	
S1-559176480	
S1-559968662	S2-50618159,S3-321970595,S3-47167568
S1-561093798	
S1-561452215	S3-441257275
S1-561455183	
S1-561656470	S3-102512053,S3-201717951,S3-687694719,S3-854632334
S1-561896043	
S1-561983465	S3-689621933,S3-698909061,S3-865759338
S1-562353733	S3-704727830
S1-562583127	S3-555237022
S1-562583380	
S1-562845598	S3-69417487
S1-562895326	S2-296319223
S1-563052726	S2-834331443
S1-563834046	S3-28282965
S1-563985034	S3-241915525
S1-565597243	S3-852502412
S1-566228328	
S1-566265453	
S1-566454897	S3-260349803,S3-576475700,S3-829738034
S1-566488603	S3-355319413,S3-424980074,S3-440622996,S3-825423134,S3-892204549
S1-566700910	
S1-567541897	S3-132831047,S3-618813143
S1-568485477	S3-578868633
S1-569163219	
S1-569350164	S3-273631217
S1-569486927	
S1-570007441	S3-857141055
S1-570053103	S3-331267501,S3-48785381,S3-576990558
S1-570960219	S3-871177170,S3-919129016
S1-571171549	S3-180106843
S1-57159397	S3-287021348,S3-985596067
S1-572628619	S3-683886393,S3-882732120
S1-573016752	S3-745361303
S1-57348605	S3-710469981
S1-574132867	S3-706651983
S1-574405744	S3-27157673,S3-312310425,S3-366984341
S1-575174642	S3-690452252
S1-575824749	S3-100909963,S3-58120248
S1-576111952	S3-372012280,S3-58767697,S3-668880039
S1-576221857	S3-164437729,S3-658707298,S3-923674905
S1-577240317	
S1-577269922	S3-39683702
S1-578105406	S3-276761118,S3-980525647
S1-578195707	
S1-578275678	S3-499187096,S3-88460227
S1-578655170	S3-960526214
S1-57894782	S3-705655287
S1-578983822	
S1-579222322	S3-15427502,S3-199822666
S1-579513223	S3-137522703,S3-45451390,S3-4595655,S3-611949635
S1-579879425	S3-494177506,S3-788099907,S3-918863542
S1-580243118	S2-552527057,S3-566538651,S3-982556310
S1-580605574	S3-703716456
S1-581133105	
S1-581133117	S3-220820222,S3-616732139
S1-581219602	S3-791480671
S1-581382815	S3-344112218
S1-581639417	S3-229375712,S3-563917080
S1-581757578	S3-84411421
S1-581863940	S3-757260746,S3-893372516
S1-582205407	
S1-582383954	S3-160695178
S1-583065272	S3-978288978
S1-584077811	S3-16455622,S3-529256207
S1-584568510	S3-637027990,S3-655537920
S1-584694385	S3-57784541
S1-584697437	S2-942646919
S1-584742056	S3-25084485,S3-703685501
S1-585127049	S3-742102190
S1-586617412	
S1-587125743	
S1-587404171	
S1-58762131	S3-265967848,S3-45950771
S1-58847033	S3-390863987,S3-675343807
S1-588683396	
S1-58960971	S3-670153907,S3-813493514,S3-847466673
S1-590056143	S3-698287625
S1-590899209	S3-642378397
S1-591960471	
S1-592294131	S3-251940219,S3-700391830,S3-752731158
S1-593083174	S3-443767413
S1-593421955	S3-125439395,S3-220724025
S1-594021398	S3-133279691,S3-686916460,S3-709854915
S1-594214776	S3-344324328,S3-598649634,S3-769604344
S1-594354869	S3-523545983
S1-59454152	S3-372033891,S3-959488010
S1-595486290	S3-689644173
S1-596538042	S3-274860591
S1-596614047	S3-395568034,S3-835564839
S1-597042110	S3-565882341,S3-893136853
S1-597162534	
S1-597621907	S3-215349746
S1-598014910	S3-223791099,S3-230045361,S3-515200692
S1-598136304	
S1-598167773	
S1-598644426	S3-128896284,S3-520166276
S1-598934460	S3-302067725,S3-478050976,S3-51805508,S3-592572841
S1-600479922	S2-22336917,S3-480132039
S1-600671460	S3-185902298,S3-509942642,S3-706963695
S1-600924899	S3-180562678,S3-45504778,S3-90852182
S1-601561210	S3-956226709
S1-601576514	
S1-601866394	S3-295347796
S1-601973042	S3-353208924,S3-538061191,S3-927307132
S1-602472419	S3-62914018
S1-602902072	S3-949374298
S1-603224529	S3-188211403,S3-410471824,S3-840292038
S1-603295553	S3-428577973
S1-603413812	S2-175324424,S3-530016573
S1-604321939	S3-358869035,S3-587847539,S3-759290584
S1-604580133	S2-183731896,S3-353325989,S3-389591633,S3-423059406,S3-62921970,S3-873081348
S1-60490751	
S1-605285689	S3-462278272,S3-840036976,S3-917866235
S1-605344566	S3-953451980,S3-981731940
S1-605505884	S3-486634272,S3-96744294
S1-606617319	S2-601865592,S3-864550773,S3-874528239
S1-606890696	S3-993697
S1-607789485	S2-576583345,S3-870536066
S1-607890592	S2-105751184
S1-608325195	S3-309969985
S1-608343200	
S1-608664540	S3-779974544,S3-967066725
S1-60876864	S2-615646635,S3-642802712
S1-610083316	S3-160492642,S3-206805214
S1-610611696	S3-350318161,S3-850944074,S3-981100781
S1-611186651	S3-386352440,S3-786889253,S3-815609138
S1-611897081	S3-120674903,S3-231492500,S3-301600077,S3-493259066,S3-736489085,S3-779150951
S1-612058038	S3-311403760,S3-579973487
S1-612578957	S3-260724013,S3-403352083,S3-558577482,S3-565876838
S1-612826948	S2-156091745
S1-613023372	S3-33386720,S3-847106530
S1-613051136	S3-311590201
S1-613242703	S3-128629969,S3-294871755
S1-613326337	S3-657298560
S1-61384671	S3-111875584,S3-579622600
S1-614166527	S3-788404593
S1-614792963	
S1-61522952	S3-419402449
S1-615253686	S3-108760521,S3-140719814
S1-61525425	
S1-615505591	S3-77674093
S1-616328186	S3-129875220,S3-349290189
S1-6164608	S3-244458172,S3-483162293,S3-687318840
S1-616777225	S3-618560024
S1-616908093	
S1-617326546	S3-901378601
S1-618461228	
S1-618760923	S3-157088270
S1-618933402	S3-773884494
S1-618992155	S3-123069686,S3-563545313,S3-897652596
S1-619110488	S3-901496276
S1-620804927	S3-341263655
S1-620965338	S3-130726227,S3-434076847,S3-850461734
S1-621326937	S3-360487505,S3-370106481,S3-902648284
S1-621619027	S3-890593829
S1-621743936	S3-151291697,S3-60258095,S3-892294259
S1-621923872	S3-998164124
S1-622031313	S3-13947618,S3-315228752
S1-62217757	
S1-622654527	S3-274401164,S3-832612838
S1-623010888	S3-360244016,S3-69682239
S1-623454395	
S1-623573471	S3-405716848,S3-459086343
S1-62369497	S3-684905805
S1-623742372	S3-270689419
S1-623915795	S3-192110364
S1-62406587	
S1-624358506	S3-784719828,S3-794375545
S1-625105605	S3-460221636
S1-62534516	S3-734638957
S1-625478543	S2-367421312,S3-202522818,S3-3983996,S3-506733037,S3-591697,S3-981393623
S1-625702584	
S1-62588912	S3-12387532,S3-212433928,S3-606280898
S1-626398578	S3-392512516,S3-594934432,S3-90051092,S3-988799770
S1-626419543	S3-207880902,S3-985957230
S1-627358152	
S1-627535426	S3-593789249
S1-628382503	
S1-628497653	S3-789744683
S1-628791360	S2-666853816,S3-968825896
S1-629474007	S3-183212780,S3-703158007
S1-629887537	
S1-630529342	S3-511109241,S3-808045393
S1-630651078	S3-432825824,S3-541917778
S1-630888300	S2-39667891,S2-982133692,S3-10613032,S3-558167166,S3-594031786,S3-901230438,S3-925905329
S1-631267110	S3-110600913,S3-201115002,S3-326212152
S1-631479201	S3-145925139,S3-747391384
S1-631521728	S3-883635696
S1-632525402	S2-282547680
S1-632671163	S3-331917367
S1-633359139	S3-113958411,S3-158757926,S3-200034444,S3-379423971,S3-702498198
S1-63363530	S3-478326206,S3-627746052
S1-633672916	
S1-633708120	S3-522648241
S1-633930162	S3-110655009,S3-236894783
S1-634492363	S3-167652706
S1-635021277	S3-473887030
S1-635140919	S3-544773448,S3-656653476,S3-959199476
S1-635516922	S3-141933826,S3-605630469,S3-876404621
S1-635915279	S3-262596726
S1-63603457	S3-117074226,S3-301775910,S3-356209352
S1-636353962	S3-300019307,S3-319296653,S3-441880320,S3-543557835
S1-636382711	
S1-636820240	S3-557133636,S3-973920501
S1-638128832	S3-785287972
S1-638197043	S3-471844293
S1-639390518	S2-443673236,S2-521438707,S3-658071145
S1-639958525	S3-229180802
S1-640315001	S3-538145674,S3-71365576,S3-957298467
S1-640997201	S3-252817421,S3-485544965
S1-641069794	S3-190521730,S3-389857060
S1-641381946	
S1-642398802	
S1-642462643	S2-63767824,S2-934476900,S3-867603499
S1-64262333	S3-176993178,S3-522496315,S3-651237387
S1-642709221	
S1-642966235	S3-624963377
S1-643209618	S3-421937674,S3-496395770,S3-642887610
S1-643291740	S3-565206649
S1-643834744	S3-951219051
S1-643973995	S3-28638105,S3-609074853,S3-946679311
S1-644030642	
S1-64462728	S2-96025297,S3-190954263
S1-64462787	
S1-644961703	
S1-645282503	S3-879033706
S1-645924934	S3-188154845,S3-614143113,S3-874271453,S3-97761120
S1-646807832	S3-489407252
S1-646859671	S3-192684058,S3-205327049,S3-246990876,S3-52430753,S3-603113472,S3-616880156,S3-712564183,S3-871141067
S1-647189784	
S1-648482247	S3-358232683,S3-510154216,S3-871684821
S1-649110450	S3-218837713
S1-649311297	S3-718548905
S1-649372371	S3-237625892,S3-34177198,S3-810416716,S3-824578314,S3-826063657,S3-909473116
S1-64938579	S3-126794990
S1-650304466	S3-372125338
S1-650609836	S3-418928227
S1-650650055	S3-362504010,S3-539777331,S3-719454268
S1-650793969	
S1-650931728	S3-296695732
S1-651242280	S3-772018096
S1-651515941	
S1-652202046	S3-994396067
S1-652287609	S3-316144422
S1-652612209	S3-485963175,S3-854546795
S1-652650064	S3-696339970,S3-843892818
S1-652716926	S3-612483351,S3-708063638,S3-853453548
S1-652835636	
S1-653070765	S3-581396784,S3-75204848
S1-653149647	S3-477220717
S1-653664553	
S1-654184515	S3-317023325,S3-727553611
S1-655442428	S3-443339960,S3-873026036
S1-655908227	S3-767624082
S1-656057605	S3-59749736,S3-974364163
S1-656195938	S3-718477316
S1-656428793	S3-291332697,S3-550880947,S3-876687590
S1-656795607	S3-181586131,S3-320077122,S3-328181982,S3-996491170
S1-656836770	
S1-657251225	S3-709721988,S3-96939595
S1-657558693	
S1-658090711	S3-313691785,S3-749743652
S1-658355065	S3-58223526,S3-711303063,S3-830684429
S1-658654418	S3-550173162
S1-659666950	
S1-659886446	S3-814092370
S1-660255483	S3-351643240,S3-451938148,S3-535734662,S3-641131554,S3-648559900,S3-746049739,S3-753949272
S1-660977005	S3-500589784,S3-99832540
S1-661144640	
S1-66154351	S3-120653263,S3-696736408
S1-661990269	S3-258206995,S3-669552728
S1-6620369	S3-211984868
S1-662097139	S3-346025949,S3-541156867,S3-797479296
S1-662114745	S3-954505236
S1-662517901	
S1-662860247	S2-32593117,S3-801332883
S1-663127104	
S1-664533739	S3-10918356,S3-290691545
S1-665157746	S3-254092905,S3-662981027
S1-665561316	S2-252609435,S3-235657135,S3-385773973,S3-841047790,S3-95707343
S1-665694632	S2-288036293,S3-105329906,S3-797443117
S1-666509985	
S1-666571162	S3-888433189,S3-995602650
S1-666592077	S3-171273957
S1-666828017	
S1-66686949	S3-614289636,S3-827926241
S1-667284300	S3-297330714,S3-415435393
S1-667494116	S3-346667742,S3-4894483
S1-667764898	S3-44814561,S3-567299923
S1-667804153	S3-958937114
S1-668116351	S3-506233874,S3-784954484
S1-668555841	S3-224151973,S3-984882524
S1-669147265	S3-104873840
S1-669434847	S3-752438925
S1-66970748	
S1-669870051	S3-310718322,S3-918338751
S1-669982429	S3-217464861,S3-574489310
S1-670268028	S3-719598335,S3-764090871
S1-670643666	S3-628825046
S1-671168456	
S1-671463259	S3-897878629
S1-671487519	S2-858805201,S3-120020599,S3-42407718,S3-776872308
S1-671491624	S3-252426150
S1-672075976	S3-916168394,S3-963556329
S1-672456867	
S1-672653283	S3-195387347,S3-820770745
S1-672720036	S3-28837639,S3-829119598,S3-85235563
S1-672760701	
S1-672791511	
S1-672928103	S2-48566879,S3-536547536
S1-673737530	S3-347803958
S1-673764363	
S1-674270346	
S1-674871004	S3-567523690
S1-674914967	
S1-675309028	S3-766720669
S1-675833262	S3-121611790,S3-330803596,S3-353688860,S3-625766238
S1-67590313	S3-57412886,S3-814461889
S1-676424099	S3-505828787
S1-676615274	
S1-677209593	S3-162096611,S3-240059724,S3-350195531,S3-574132806,S3-832975833
S1-677277675	S3-81120041,S3-898503000
S1-677335134	S3-116970752,S3-128648216
S1-677425393	S3-263123324,S3-550666170,S3-703916837,S3-72229012,S3-750773963,S3-765080289
S1-677484813	S3-131960377,S3-913419135,S3-985253425
S1-678915835	S2-412197058,S3-681104199,S3-726439162
S1-680305536	
S1-680637447	S3-261988229
S1-680785149	S3-380762511,S3-433286391,S3-781105079
S1-680984212	S3-500607141
S1-68108533	S3-805756321
S1-681389133	S2-121161583,S3-405205030,S3-68264422,S3-850349807
S1-681455472	
S1-68168779	S3-61291610
S1-682167293	S3-364796707
S1-682183472	
S1-683617881	S3-305612757,S3-968388995
S1-683844768	
S1-684202485	
S1-686148514	S3-243752108,S3-441974811,S3-473094704,S3-609915156
S1-687121408	S3-115702686,S3-495480935,S3-934845464,S3-986482309
S1-687237362	S3-278971071,S3-556795223
S1-687807398	S3-269174446
S1-687837325	S3-127398092,S3-538746824,S3-610365738
S1-68788761	S3-496053531
S1-687903267	
S1-688852755	S3-180948633,S3-656373062
S1-68931843	S3-136828191,S3-341762425,S3-563952317
S1-689580189	S3-873224896
S1-689634385	
S1-689823050	S2-212601842,S2-829077756
S1-689969707	S3-37888230
S1-689992280	
S1-69026083	S3-622619607,S3-623100510
S1-691438963	S3-427382536,S3-683161134,S3-897191630
S1-692496075	
S1-693124776	
S1-69348624	S2-536626705,S2-720800244,S3-129790437,S3-182566986,S3-281151106,S3-324267240,S3-416955335,S3-481698939,S3-482221290,S3-607823254,S3-670543499,S3-859680715,S3-912784165,S3-918079282,S3-969886001
S1-693773700	S3-148935997,S3-790667970,S3-940506307
S1-693870315	S3-382784231,S3-648884062,S3-913793233
S1-694254644	S3-757643397
S1-69516363	S3-542507145
S1-695394216	S3-214099918,S3-665085656,S3-881109295
S1-697980001	S3-203229271
S1-698026385	S3-360529575,S3-402777590
S1-698449589	S3-564810219,S3-698389143
S1-698527608	
S1-698710662	
S1-699194125	S3-108297280,S3-111325422,S3-566016345,S3-971144719
S1-699721226	S3-13229061,S3-250419605,S3-81304334
S1-700234729	S3-106743875,S3-374216731
S1-700479380	S3-886154857
S1-70052354	
S1-701136694	
S1-702747610	S2-758952398,S3-189643898
S1-702935256	S3-568508793
S1-704604312	S3-577237107,S3-7278253
S1-704802468	
S1-704841266	S3-36153692,S3-48661737,S3-830390161,S3-830985733
S1-704909483	
S1-705084429	S3-694243321,S3-814982978
S1-705248661	S3-293300637,S3-393082187
S1-705984118	S3-269981486,S3-473673530
S1-70730985	
S1-7074627	
S1-708091996	S3-369145045,S3-584357777,S3-612860397,S3-756335776
S1-708413044	
S1-708603034	
S1-708969346	S3-357962131,S3-652921488
S1-709145727	S3-139558976
S1-710024714	S3-313678871,S3-835954294
S1-710145831	S3-690381394,S3-858154259
S1-710157655	S3-546418179
S1-71043683	S3-436171913,S3-684642794,S3-842021003
S1-711268589	
S1-711330965	S3-550017064
S1-712639027	S2-309210999,S3-152447787,S3-304334739,S3-452081215,S3-676173763
S1-712808534	S3-193154896,S3-361621844,S3-52611230,S3-755529604
S1-713348464	S3-284421325
S1-713481667	
S1-713906479	
S1-71390708	
S1-714021913	S3-587558386
S1-714067909	S3-23996169,S3-575806491
S1-714077420	S3-955631881
S1-714079881	
S1-714559707	S3-613255611
S1-714649207	S3-525857176
S1-715029307	
S1-715595521	S3-74163156,S3-759035347
S1-716259203	S3-106593769,S3-132366006,S3-188152501,S3-486376593,S3-590092332
S1-716430033	
S1-716533691	S3-807505676
S1-717108073	S3-905326431,S3-931271271
S1-717372520	S2-750728981
S1-717480913	S2-568621810
S1-717856572	
S1-717911044	S3-161723164,S3-197593311
S1-717954903	S3-401447845
S1-718016225	S3-514947781,S3-84796803
S1-71805099	S3-238853492
S1-718126154	S3-424285521,S3-574362672,S3-756152681,S3-817104725
S1-718858784	S3-304638227
S1-719775404	
S1-720494821	S3-74232070
S1-720688531	S3-542924001,S3-546643519
S1-720777077	S2-561035376,S3-13667949,S3-737234975
S1-720797568	
S1-721904625	
S1-722064328	S3-908623589,S3-932749072
S1-722433811	
S1-724222873	S3-826532232,S3-838090088,S3-927755348,S3-978754195
S1-725006887	S3-410476892,S3-412921025
S1-725102471	S3-438146543,S3-654952743,S3-810210986
S1-725842069	S2-248391262,S3-442850755
S1-725913461	S3-163101985
S1-726124817	S3-193596042,S3-570699379
S1-726276781	S3-313248987,S3-34820633,S3-354134670,S3-521254480,S3-662452598,S3-72081782
S1-726533617	S3-587117460,S3-757888230,S3-779250552
S1-727521491	S3-503939921
S1-728071474	S3-182513338
S1-728171105	S3-404418801,S3-603401457,S3-898865268,S3-918785342
S1-729467781	S3-706318130,S3-853762847
S1-729626041	S3-26527680,S3-532064557,S3-823193070
S1-729795953	S3-557205815
S1-730190320	S3-418681361
S1-730390346	
S1-730534216	S3-425971595
S1-73054291	S3-286575988,S3-306498207,S3-860804775,S3-925643952
S1-730715924	S3-194511023,S3-639533298,S3-648874900,S3-778822289
S1-730858570	S3-456460189,S3-461185502,S3-463884424,S3-846560832
S1-731044181	S3-980784145
S1-731819349	S3-420491375
S1-731931314	S3-419361983,S3-633493449
S1-732752319	S3-167038639,S3-697894668,S3-741665522
S1-732961671	S2-928350729,S3-506971851,S3-930850719
S1-733058423	S3-733597430
S1-733290007	S3-219983709
S1-733472967	S3-926988288
S1-733594883	S3-420810236,S3-52416882,S3-561567692,S3-861583186
S1-73366741	S3-640490192
S1-734921625	S3-508957147
S1-735449543	S3-593392930,S3-633657927,S3-797335165,S3-996877728
S1-735494336	
S1-736162673	S3-526596488
S1-736469556	
S1-737295214	S3-210697171,S3-869675005
S1-737447851	S3-478601558
S1-737944011	
S1-738045284	S3-515817952,S3-574984123
S1-738388422	S3-570191416
S1-738529927	S3-248012692,S3-368867783,S3-929496987
S1-738724478	
S1-738899877	S3-604920262,S3-636903148
S1-739108360	S3-415513223,S3-599546073
S1-739530450	S3-239605330,S3-724317515
S1-740059747	S3-999124758
S1-740176897	
S1-740535429	S3-204412411,S3-712467869
S1-742053041	S3-415482884,S3-43121093,S3-488222184,S3-826246833
S1-743314341	
S1-743413952	S2-112419183,S3-790735617
S1-743586817	S3-798909430
S1-743701929	
S1-743958115	S3-707621596
S1-744111628	S3-429009304
S1-744300793	S2-582157971,S2-839629994,S3-476134166,S3-737436175,S3-849171609
S1-744386862	
S1-744693247	S2-388772081,S3-371782639,S3-64635028
S1-745059498	S3-429095061
S1-74521729	S3-997436063
S1-745376303	S3-733994282
S1-74577228	S3-649005607
S1-746909581	S3-353791582,S3-797116062
S1-747199279	S3-331158417,S3-560915775,S3-577936124,S3-844903159
S1-7476877	S3-255026383
S1-748145910	S3-59852011,S3-636745859
S1-748475823	
S1-748862235	S3-152648447,S3-583172782
S1-749427923	S3-443756225,S3-579904871
S1-749721175	S3-175836663
S1-750039402	S2-242005849,S3-316503453,S3-488005671
S1-750087535	S3-154919439,S3-962507604
S1-750279127	S3-255669508
S1-750360829	
S1-750647545	S3-261777869,S3-432817423
S1-750661182	
S1-750675408	S3-676364382
S1-750743297	S3-16723850
S1-75162451	S2-280847874
S1-752088058	
S1-754169093	S3-112226282,S3-119775367,S3-499074597,S3-901730097
S1-754202437	S3-583894832,S3-58939470,S3-786193304,S3-874708335
S1-754410830	S3-723710996
S1-754443232	S3-754665463,S3-947730178
S1-754677948	S3-584642735
S1-754793030	
S1-754982371	
S1-755184527	S2-521625017,S3-349342382,S3-648093093,S3-894213667
S1-755252550	S3-972456420
S1-755610763	S3-35566923,S3-422218145,S3-433798276
S1-755659768	S3-308603067,S3-502370113
S1-755841052	
S1-755938174	S3-113082075,S3-169823317,S3-518639840,S3-736500731,S3-858668420
S1-756257682	S3-326093799,S3-57266173
S1-757370873	S3-155602782,S3-694760138
S1-757477029	S3-450104587
S1-757768634	S3-307695382,S3-325570050,S3-665314454,S3-682608695,S3-687119469
S1-758778797	S3-519169701
S1-759083010	
S1-759109531	
S1-759533619	S3-453475891
S1-759543027	S3-330221967
S1-759762834	
S1-760635518	S3-392959346,S3-439055104,S3-586976949,S3-681948652
S1-760816211	S2-911418309,S3-378846046
S1-760964613	S3-455078099,S3-878453173,S3-929746741
S1-761019501	S3-456012591,S3-71033318
S1-761481191	S3-412709578
S1-762257555	
S1-76227211	S3-631628736
S1-762839052	S3-311688329
S1-762904067	S3-922664596
S1-763454556	S3-239753747,S3-476659915
S1-763566761	S3-664612732,S3-862034526
S1-76418652	S3-698464104
S1-764467216	S3-892085131
S1-765276200	S2-72969210,S3-266268724,S3-288004372,S3-350043085,S3-878729460,S3-915176624,S3-94822373
S1-765817886	S3-991391810
S1-766094684	
S1-766408899	S3-765826338,S3-851195974
S1-766655509	S3-6967580,S3-968239728
S1-766874848	S2-552781871,S3-240297648,S3-274945450
S1-766974441	S3-175275144
S1-767058419	S3-685397353,S3-842569575,S3-873276241
S1-767324254	S3-167552219,S3-569546348
S1-768135650	S2-792115745
S1-76835099	S3-215042462,S3-269856430,S3-433376363
S1-76844888	S2-996244700,S3-489364096
S1-769482090	S3-380752503,S3-529191013
S1-769727135	S3-296617968,S3-307009739,S3-601601012
S1-769814533	S3-75286254
S1-770890247	S3-503784177
S1-771158065	S3-214121925,S3-354914320,S3-515313198,S3-706741508,S3-706878729
S1-771692482	S2-888979785
S1-771762254	S3-710950200
S1-771840345	
S1-772112917	S2-314811313,S3-11688362,S3-855781975
S1-772118004	
S1-772390233	S3-624198113,S3-798626112
S1-772535560	
S1-772914073	
S1-773017982	S3-159262958,S3-370523661
S1-77359451	S3-365574796,S3-382917644,S3-474479665
S1-773817576	
S1-774138226	S3-604482893
S1-774465555	S3-465611692,S3-491632868
S1-77449994	S3-36626261,S3-747480626
S1-774749163	S3-575126205,S3-755314852,S3-849883906,S3-938986850
S1-774841786	S3-84600366
S1-774849441	S3-83219745
S1-775310986	S3-197569730,S3-741392143
S1-775585689	S2-852387629,S3-183851411,S3-293979210,S3-639080244
S1-775610001	S3-160414040,S3-438176666
S1-775811852	
S1-776573632	S3-199792270,S3-329668996,S3-39838288,S3-427476806
S1-776755474	S3-793877966
S1-777929094	S3-27489952
S1-778348492	S3-527399379,S3-958875290
S1-779546019	S3-106542750
S1-78029452	
S1-780920673	S3-369594188,S3-958139394
S1-781013825	S2-280787811,S3-344872837,S3-427969798,S3-453031822,S3-949821048
S1-781801397	S3-194352960
S1-781997960	S3-172869234,S3-2777653,S3-284327865,S3-390644928
S1-782337234	S3-135812910,S3-427315374,S3-671144208
S1-782456413	
S1-782553097	
S1-782634160	S2-958316746,S3-435250891,S3-988838457
S1-783289521	S3-470310131,S3-509269661,S3-763551014
S1-783895442	S3-689256824,S3-827485533,S3-890671576
S1-784040568	S3-592693707
S1-784514996	S3-751372665,S3-779079258
S1-785346955	S3-309471138,S3-326835964
S1-786350825	S3-142317852,S3-160989711,S3-225877134,S3-513988373
S1-786495	S3-15383965,S3-856509021
S1-786664553	
S1-786857401	S3-159506778
S1-786952452	S3-84811730
S1-787009489	
S1-787516759	S3-116103095,S3-783747756
S1-787791123	S3-728339635,S3-899656924
S1-788473040	S3-311880009,S3-534037523
S1-788480541	
S1-788694407	
S1-789037213	S3-152238566,S3-670409336,S3-997295902
S1-789050237	S3-296723187,S3-985015010
S1-789286562	S3-338322650,S3-858211493
S1-789602919	S3-780405162
S1-789974837	S3-712091109,S3-984872488
S1-789997025	S3-117725853,S3-255017689,S3-498625887
S1-790517362	
S1-790521767	S3-329621642,S3-474502871,S3-888101482
S1-792204527	
S1-792960666	S3-945667963
S1-793656305	S3-497375716,S3-719827892,S3-782173229
S1-794806928	S3-673397314
S1-79493353	S3-169307180,S3-716354643
S1-796020041	
S1-796196384	S3-376090224,S3-778833267
S1-796251718	S3-142848393,S3-523761170,S3-640606194
S1-796510866	S3-201359501,S3-391748933,S3-763560586,S3-905455453
S1-796966944	S3-592410415
S1-798067631	S3-343635683,S3-476049919
S1-798469548	S3-767463818,S3-835237982
S1-798867118	S3-416273248,S3-467741078,S3-516054005
S1-799535694	S3-453479191,S3-623831345,S3-986349796
S1-799586401	S3-616482283
S1-799755576	S3-740832600,S3-961082082
S1-80005094	S3-241502841
S1-800803330	S2-656444296,S3-53513903
S1-802731895	
S1-803035322	S3-112217755,S3-613862893
S1-804156910	S3-952266192
S1-80486558	S3-528581232
S1-80571105	S3-393347018,S3-724556156
S1-80607341	S3-404931768,S3-767843094
S1-806460607	S3-48112543
S1-807068045	S3-439354653
S1-807424751	
S1-807592627	S3-50415190,S3-623924116,S3-78364394
S1-80773469	S3-132664075,S3-160058942,S3-771895116,S3-85290449
S1-807736264	S2-259135468,S3-551891755,S3-862734808
S1-807938084	
S1-809013510	
S1-809062789	S3-207674931,S3-637945611
S1-809106191	
S1-809295280	S3-171526720
S1-809406756	S2-780988813,S3-264877410
S1-809923588	S3-348132334
S1-810784492	S3-403362497
S1-810956566	
S1-811974162	S3-318005716,S3-479463411,S3-53909879
S1-812296088	S3-170084717,S3-516769153
S1-812468044	
S1-812506264	S3-814820473
S1-812860344	S3-333391901,S3-338226613,S3-341030711,S3-776493086
S1-813052697	S3-266163638,S3-563719645
S1-813569355	S3-576999987,S3-885845986
S1-81401869	S3-586319631
S1-814039696	S3-428092625,S3-83930639
S1-814598942	S3-317834712,S3-556178943
S1-815045201	S3-105803559,S3-283332115,S3-607402784,S3-754924855,S3-968409329
S1-815446134	S3-799781947
S1-81549202	S3-172235583,S3-343974895,S3-820574711
S1-815606753	
S1-815964115	
S1-816262008	S3-318766841,S3-320821703,S3-423269103,S3-964883501
S1-816345725	S3-188760922,S3-343847319,S3-49090864,S3-844354297
S1-816508970	S3-259748240,S3-812411426
S1-816918307	S2-627029064,S3-927534099
S1-817207769	S3-341661090,S3-408502038,S3-649629409
S1-817429923	S3-347138803,S3-836480012
S1-819287003	S3-150490002,S3-548800198
S1-819626897	
S1-819864199	
S1-82021791	S3-104883179,S3-393130223,S3-975962126
S1-820416856	S3-740230797,S3-769785583
S1-821372479	S3-502009984
S1-82163842	S3-507200842
S1-821783420	
S1-822115440	S3-523066305,S3-753657890,S3-86178669
S1-8221549	S3-573231856,S3-855652015
S1-822292739	S3-728361081
S1-822365624	
S1-822609622	S3-167878066,S3-190945958,S3-319016350
S1-822774741	S3-319005193,S3-33673155,S3-66066709,S3-863135784,S3-890520163
S1-823788524	S3-845957851
S1-824394006	
S1-824705510	
S1-825185379	S3-149967785,S3-551882885,S3-964820086
S1-825251999	S2-108265504,S3-333499584
S1-825997091	S3-328473677
S1-826550490	
S1-82704580	S3-173642675
S1-827879405	S3-412596904,S3-489055200,S3-550534323,S3-849079237
S1-828605400	S3-200356090,S3-258045918,S3-361769438,S3-669480859
S1-82882147	
S1-829004597	
S1-829126727	S3-481336163,S3-838499722
S1-829343893	S3-495944044,S3-687430798
S1-830030073	S3-551531489,S3-728472600
S1-83154552	
S1-831649239	S3-532762077
S1-832095856	S3-591457090,S3-682606342,S3-778364969,S3-813660619,S3-946469581
S1-833859699	S3-113846049,S3-457482644,S3-459553008
S1-834059246	S3-926546715
S1-835609396	S3-910546783
S1-836337159	S3-65921984,S3-924292498
S1-836363245	
S1-836657851	S3-599807224,S3-681175402,S3-740141006,S3-776061096
S1-836781383	S3-915072309,S3-97161352
S1-838114892	
S1-838370740	S3-136704391,S3-247856176,S3-573889883,S3-853530536
S1-838542233	S3-38246042,S3-768194464,S3-990826178
S1-839060882	
S1-839063043	S3-637531523
S1-840284923	S3-284944478,S3-656656797
S1-840448762	S3-180551383,S3-585081631,S3-682543956,S3-762901566,S3-997212194
S1-840463899	S3-840777058,S3-885277977
S1-840695858	S2-708369417,S3-591951044
S1-840854323	
S1-842414527	S2-47484458
S1-842850315	
S1-843165346	S3-905036969
S1-843306839	
S1-843560729	S3-597751875,S3-773381995
S1-84451840	S3-412687348
S1-845586355	
S1-845833663	S3-633873039,S3-986749686
S1-846160569	S3-873367915
S1-846357873	
S1-846495811	S3-614417555
S1-846864818	
S1-846952880	
S1-847097665	S3-328793254
S1-847310129	S3-315299900,S3-933496503
S1-848129893	S3-183738130
S1-849013973	S3-105315081,S3-429654623,S3-698905864,S3-741203349
S1-849786048	S2-441287907,S3-555060656
S1-849800146	S3-154978895
S1-84998079	S3-740697287
S1-8508444	
S1-851055624	S3-268808383,S3-861099786
S1-851201018	S3-562871296
S1-851421910	
S1-851650494	S3-347414762
S1-852513892	S3-382046259
S1-852807313	
S1-853073688	
S1-853119765	
S1-853163688	
S1-853432391	S2-413481841,S2-420792729,S2-560018843,S2-566646298,S3-51047736,S3-705251411
S1-854513843	
S1-85494537	S2-606224626,S2-753735847,S3-141634837,S3-396000432,S3-548877442
S1-855309387	S3-466083752
S1-855616906	S3-132993490,S3-732141319,S3-898540106
S1-85672105	S3-126063366,S3-752798226
S1-856793282	S2-336198741,S2-634571617,S2-807098555,S3-194230273,S3-359523633,S3-593941677,S3-734748022
S1-856925496	S2-459376759,S3-567429020
S1-857609938	S3-583362378,S3-650333538,S3-766165660,S3-964500475
S1-857651536	
S1-858090632	S3-157654456,S3-240588806,S3-810755900
S1-858917964	S3-275993932,S3-324046955,S3-655881808
S1-859010094	S3-348746218,S3-622517403,S3-851409065
S1-859169389	
S1-859295838	S3-45106146
S1-860733442	S3-539812377
S1-861020733	S3-113295693,S3-597121664
S1-861266479	S3-613466385
S1-861523355	S3-864975150,S3-970471025
S1-861696239	S3-163907475,S3-269224756,S3-548574377,S3-551102490
S1-861759929	
S1-862699295	S3-513897916,S3-72305824,S3-896160803,S3-896593453
S1-862701045	S3-704009840
S1-862824279	S3-812975357,S3-96171352
S1-862840211	S3-225859955,S3-937030591
S1-863840933	S3-319864576
S1-863841034	S3-618472611
S1-864062904	
S1-864089032	S3-902058851
S1-864159358	S3-302139755
S1-86473538	S3-372412312
S1-864813407	S3-214889573
S1-864843313	S3-137127517,S3-760309210
S1-865799397	S3-160886009,S3-22754448,S3-39818821,S3-779841448,S3-927760588
S1-866632679	
S1-866896574	S3-447161639,S3-948039777
S1-866981273	S3-99688527
S1-867332501	S2-974991070,S3-229462318,S3-302051180
S1-868373328	S3-450819611
S1-868715737	S3-14028052,S3-978718881
S1-870052836	S3-144524033,S3-671599842,S3-794242913
S1-870190130	S3-153733853
S1-870259303	S2-491755789,S3-271806273,S3-893929029
S1-870743390	S3-326164527
S1-87107159	S3-780119806
S1-871323782	
S1-871507378	S3-336364666,S3-783965589,S3-99671023
S1-872344748	S3-805014124
S1-872814708	S3-873807564
S1-872899714	S3-202433948,S3-666282611
S1-873254460	S3-178258141,S3-205165835,S3-328610782
S1-873442207	S3-314303480,S3-60553694,S3-825183067
S1-873701512	
S1-874288399	S3-883698122
S1-874436225	S3-745023010
S1-874756885	
S1-875446819	S3-192873229,S3-985151838
S1-875778203	S3-109627281
S1-875821956	S3-520070258
S1-876195878	S3-844751647
S1-87687506	S3-266159088,S3-784234591
S1-877191383	S3-490238788
S1-877808612	S3-637712252,S3-690283865
S1-878021664	S3-20216343,S3-684299279,S3-877387692
S1-878134473	S3-707198681
S1-879321389	S3-100861744
S1-879959005	S2-223363808
S1-880149151	
S1-880615423	S3-156056641,S3-9227717
S1-881053119	
S1-882513972	S3-173742386,S3-804323563,S3-954475937
S1-882661287	
S1-882814633	
S1-883416047	S3-127173413
S1-883553050	S3-209779382
S1-883837080	S3-436614762,S3-45201502,S3-993146332
S1-8839488	S3-769409568
S1-883979688	S3-279065656
S1-884651822	
S1-884819027	S3-279509150,S3-82504710,S3-952050548
S1-884836844	S3-764430980,S3-8614599
S1-884862158	S2-245745724,S2-644750572,S3-396598798
S1-8853314	
S1-88623617	S3-487818785
S1-88664082	S3-535225918,S3-976612471
S1-886641228	S3-276910095,S3-301995251
S1-887060779	S3-898397135
S1-887192122	
S1-887268926	S3-487557197,S3-945087207
S1-887304728	S3-273189914,S3-540379131
S1-887389878	
S1-887430778	S3-161295651,S3-502800974,S3-625445886,S3-81069045
S1-887991137	
S1-888448634	
S1-889820427	S3-196358446
S1-892440031	S3-152507490,S3-405112801
S1-893200955	S3-713804350
S1-893657089	S3-121757176,S3-984045712
S1-893781011	S3-467589580,S3-669748991
S1-894036306	
S1-894173266	S3-223696894,S3-492161626,S3-629410031
S1-895087526	S3-519412552,S3-632916147
S1-895427926	S3-200448086,S3-217938894,S3-24478792,S3-628580580
S1-895434274	S3-862207726,S3-998823859
S1-896287477	
S1-896292297	
S1-896626034	S3-486164588,S3-962401082
S1-896890808	S3-447877679,S3-854583841
S1-897438771	S3-443560965,S3-941488547
S1-897975128	S3-586433382
S1-898451883	S3-34868926,S3-749918281,S3-768775058,S3-884112963,S3-927623086
S1-898471677	S3-165191038,S3-647169239,S3-767751559
S1-898911000	
S1-898937545	S3-871084300
S1-899271918	
S1-899593553	S3-308121546,S3-497914134,S3-544446296,S3-693414246,S3-934549146
S1-900102102	S3-105217352,S3-575592604,S3-631272382,S3-852347572
S1-900373432	S3-844746576
S1-90129787	S3-549626001,S3-58754190,S3-977034066
S1-901392046	
S1-902000804	S3-245242488,S3-349576484
S1-902701804	S3-364433527
S1-902804675	S3-219683077,S3-868321644
S1-903247474	S3-284839704,S3-367015062
S1-903289741	S3-358631831
S1-903477000	S3-101317046,S3-520125570,S3-669376725
S1-903517215	S2-635725749
S1-903680191	S3-301064476
S1-904154429	
S1-904154793	
S1-90508168	S2-297740414,S3-386725381,S3-582447925,S3-627133013,S3-766905751
S1-90538366	S3-10851333,S3-3343947
S1-905586497	S2-31910855,S3-585052535
S1-906302489	S3-127562066,S3-690603607
S1-906720062	S3-953027677
S1-906803032	S3-607738256
S1-907422223	S3-580837971,S3-97236869
S1-907619545	S3-412796790,S3-596280030,S3-63239729
S1-907950947	S3-734735412,S3-756570644
S1-907988767	S3-353699624,S3-707374935
S1-908069361	
S1-908223115	
S1-908605586	S3-27482085
S1-90899239	S3-191639086
S1-909305275	
S1-91022467	
S1-910473852	
S1-910737469	S3-364474807
S1-911040502	S3-462205462,S3-512158223,S3-559585453
S1-912228543	S3-392282716,S3-502309873
S1-912365081	S3-400072145
S1-912761440	S3-769659905
S1-912870401	
S1-912943762	S3-861726710,S3-909182762
S1-913071720	S3-744751229
S1-913102466	S3-394543630
S1-913184147	
S1-913359617	S2-258463970,S3-255203727,S3-530569699,S3-857089126
S1-913775724	S3-218039512,S3-468930307,S3-575011515
S1-914163473	S3-40397573
S1-915233460	S3-193251751,S3-916903152
S1-916245688	S3-267116828,S3-535120507,S3-912337728
S1-916603429	
S1-917900366	S3-733835518,S3-867082863
S1-918007164	S3-986706970
S1-918192711	S3-388386099
S1-918497265	S3-75380787
S1-918526289	S3-133258243,S3-594491862
S1-919077832	S3-116348581
S1-919529719	S3-155153544,S3-608083034
S1-919888511	S3-83461126
S1-919889935	
S1-920446249	S2-539236008,S3-222572510
S1-923161661	S3-197551638
S1-923989066	
S1-924082974	S3-302344235,S3-971788702
S1-924150937	S3-546351922,S3-676387018
S1-924164040	S3-301130255
S1-924209018	
S1-925202873	S2-83823361,S3-204663095
S1-925358109	S3-316085948
S1-925888590	S3-172656528
S1-926812147	S3-125018842,S3-547442217,S3-595748928
S1-926944361	S3-215509155,S3-221288322,S3-881457402
S1-92753223	S3-389134537,S3-651949796
S1-928512730	
S1-928776546	S3-50135345,S3-862685414
S1-929270366	S3-254344021,S3-5768512,S3-704939816
S1-930508874	S3-18645423,S3-402260015,S3-446541289,S3-839106149
S1-930629318	
S1-932091383	S3-542222563
S1-932343406	
S1-932596570	S3-30539756
S1-933820342	S3-527780114
S1-934043010	
S1-934216469	S3-467902255
S1-934500848	S3-132300557,S3-254948599
S1-934530127	S3-422498810,S3-881528478
S1-935377367	S3-736618499
S1-935703327	S3-49039239,S3-892055636,S3-985125078
S1-935810789	S3-587532588,S3-879815246
S1-935841397	S3-131091351,S3-324443887,S3-927006439
S1-935909890	
S1-936756916	S3-167471883
S1-936759257	S3-392145242,S3-852809933,S3-883987941
S1-937734016	S3-416804962,S3-46969117,S3-534432485
S1-937846636	S3-192786862,S3-303236785
S1-938346621	S3-192224589
S1-938790742	S3-128275536,S3-468658740,S3-797372773,S3-862979419
S1-939091239	S3-443609021,S3-564947621
S1-941007036	
S1-941750990	
S1-942105318	S3-286754963,S3-440481944
S1-942131199	S3-705036460
S1-94288639	S3-400271738
S1-943139131	S3-571205453,S3-747694880
S1-943740563	S3-228896556
S1-943778760	S2-550049935,S3-328757337,S3-462052578,S3-535771740
S1-944549554	
S1-944927549	S3-550763961,S3-727416779
S1-945128774	S3-16768187
S1-945480465	S3-290033629,S3-496217688,S3-754306027
S1-945599294	S3-84003580
S1-94588431	S3-143269071,S3-169006840,S3-277149436,S3-612845681,S3-747477027
S1-945990084	S2-246943634
S1-946073994	S3-511029779
S1-946550805	S3-109958630
S1-946578635	
S1-94665545	S3-197335675,S3-212427522,S3-523271833
S1-947506097	S3-117442035
S1-947828974	S3-509446203,S3-863903104
S1-948638609	
S1-948912201	S2-504898297
S1-948947134	S2-408896589
S1-948985690	S3-435297936
S1-949105439	
S1-949184360	S3-708920754
S1-950047503	S2-281943478,S3-432850919,S3-904297030
S1-950274970	
S1-950519154	
S1-950720921	S3-350913233
S1-95094448	S3-290262728,S3-851736116
S1-951183430	S3-383660533
S1-951308372	S3-691811955,S3-734470819
S1-951404426	
S1-95246987	S3-316707953,S3-341845495,S3-578377385,S3-743524836
S1-952689685	
S1-953264718	S2-628961065,S3-748641072
S1-954405111	S3-378238565,S3-556959455,S3-759124046,S3-977639175
S1-95466757	
S1-954686170	S3-922432529
S1-954767088	S3-229261207
S1-954789288	
S1-954825971	
S1-954983217	S3-530721671
S1-95528421	S3-119611707,S3-348013899,S3-616691053,S3-747268721
S1-955358197	S3-67342406
S1-955519392	S3-127184972
S1-95585474	S3-193059919
S1-956348821	S3-647412909
S1-956824670	S3-216583340,S3-861726145,S3-903062844
S1-957112804	S3-126992561
S1-957659829	S3-899924096
S1-958356049	S3-457575705,S3-560208583,S3-968289808
S1-958359762	
S1-958426491	
S1-958677237	S3-31157216
S1-959517787	S3-81616536,S3-855557418,S3-865193984
S1-959883069	S2-615526201,S3-508126676,S3-517116339,S3-719485234
S1-960202214	
S1-960311166	S3-281064324,S3-311086000,S3-610913410
S1-96166189	S3-6898426,S3-873756134
S1-962280261	S2-998863529,S3-539027751,S3-739139000
S1-962462371	S3-18636980,S3-40944668,S3-505730324,S3-98525263
S1-962528151	
S1-962572205	
S1-963108098	S3-728187759
S1-963383531	
S1-963501196	S3-84034568,S3-905313627
S1-963877776	
S1-964027907	
S1-964618779	S3-704563798
S1-964730831	S3-37233206,S3-450192871
S1-964877324	S3-839348910,S3-9720805
S1-965334558	
S1-96592873	S3-933800230
S1-966166665	S3-652537373
S1-966613352	
S1-967139755	
S1-967316861	S3-167000826,S3-273167307,S3-339678977,S3-631158017,S3-719812155,S3-805018758
S1-967447024	
S1-967597096	S3-172703935
S1-968542977	S3-395208282
S1-968928915	S3-719539754,S3-973785577
S1-969426414	
S1-969692297	S3-893219296
S1-970711261	S3-113937215,S3-486957190
S1-971358208	S3-579545489
S1-971559313	S3-529289737
S1-971648194	S3-77025613,S3-882535042
S1-971996731	S2-686992599,S3-605242529,S3-637675888,S3-96426561
S1-972467298	
S1-972726859	S3-804031932
S1-972863352	S3-179107961
S1-973350462	
S1-973488776	S3-895757711
S1-974100085	S3-521039486
S1-975538421	S3-42715767,S3-942410366
S1-975606427	S3-17619123
S1-976302608	S3-242389355,S3-634853467,S3-714118281
S1-976475136	S3-488512219,S3-581448056,S3-796013834
S1-976491745	S3-756650728,S3-991295371
S1-976521663	S3-114128291,S3-372360981,S3-455006295
S1-977391003	
S1-977429262	S3-416374045
S1-977737523	S3-531684051
S1-977783490	S3-290661005,S3-58609261
S1-979499805	
S1-979645754	S3-595302669,S3-631581269,S3-869546197,S3-956106421
S1-979775568	
S1-979911307	S3-210338444,S3-587601041
S1-979950208	S3-209237496,S3-8783126
S1-979964887	S3-89063740
S1-980918863	S2-80066848
S1-980982540	S3-21570579,S3-245993834,S3-281054982
S1-981901478	S3-206953179,S3-47429276
S1-982555769	S3-332807268
S1-982714404	S3-181613640,S3-214119670
S1-983603694	S3-261754931,S3-304223423
S1-983734613	S3-163725671,S3-265341303
S1-983962397	
S1-984490436	
S1-985278774	
S1-985458663	S3-183899399
S1-98549181	S3-3843630,S3-512221858
S1-985578465	S3-90402789
S1-985740908	S3-100314176,S3-701702307,S3-947837606
S1-986250467	S3-575882127
S1-986604838	S3-4726789,S3-602859470,S3-86396304,S3-903634462,S3-948858105
S1-986677017	
S1-986806167	S3-442001793
S1-98773016	S3-620654824,S3-829311825
S1-987752445	
S1-988184895	S3-330154545
S1-98876495	S3-676447583,S3-924952907
S1-988843955	
S1-989292929	S3-124809417,S3-453070818
S1-989358956	S3-326396060
S1-98985291	
S1-99002977	S3-269552353,S3-864113694
S1-990800229	S3-102007547,S3-419965757
S1-99098432	S2-518444385,S3-11389829,S3-351450180
S1-990991704	S2-541069016
S1-991011701	
S1-991909051	
S1-992325825	S3-593357746
S1-99245709	S3-140946557,S3-539394332,S3-602269138
S1-99250472	S2-77092975,S2-803891835,S3-156102029,S3-703815041
S1-992646451	S2-892828990,S3-457235886
S1-992651338	
S1-993229582	S3-787598565
S1-993752976	S3-344296941
S1-994407008	
S1-994904855	S3-931535065
S1-995326037	
S1-995378838	
S1-995936163	S3-634698587
S1-997019898	S3-679864875,S3-949138417
S1-997195158	
S1-997793367	S3-159322416,S3-25550399
S1-997997632	S3-30239779,S3-692360220,S3-832221256,S3-883884973
S1-998079629	S3-110416886,S3-685478719,S3-779843568
S1-998267482	S3-311353437,S3-736887360,S3-84783244
S1-999165514	
S1-100133350	S3-294911333,S3-360296837,S3-426564345,S3-724930114
S1-100416618	S3-877259977
S1-100897434	S3-975770521
S1-100924044	
S1-101639645	
S1-101962900	S3-41041048,S3-691728327
S1-102186049	S3-511280467,S3-519507706,S3-553198314,S3-847148941
S1-102242847	S3-216693867,S3-842749624
S1-102509328	S3-519472416,S3-525272563,S3-829682073,S3-983217185
S1-102808571	
S1-103138354	S3-388231698,S3-531263103,S3-929241215
S1-103228349	S3-236646221,S3-778604275
S1-10459565	S3-878782457
S1-105001584	S3-373422047
S1-105247033	S3-737389940
S1-105249655	
S1-105334146	S3-293442546
S1-105356114	S3-447242679
S1-105462604	S3-151874333
S1-106040980	S3-38587073
S1-106130112	S3-442485617
S1-1061685	S3-639723359
S1-106407869	S3-613056593
S1-106694036	S3-642397178
S1-106941148	
S1-10781672	S3-25587489,S3-421239377,S3-46390234
S1-108133529	S3-472693107,S3-678081547
S1-108621251	S3-977466379,S3-99641835
S1-109569754	S3-131814953,S3-347961175
S1-109750691	S3-35395308,S3-401217892,S3-541957763,S3-69559744
S1-109940605	S3-327717468,S3-331580529,S3-488589484,S3-537210298,S3-616749167,S3-947165787
S1-110042519	S3-210878776
S1-110380405	S3-357812273,S3-483025677,S3-610730858,S3-904045398
S1-110418596	
S1-110999804	S3-845495274,S3-904672737
S1-111296778	S3-208264360,S3-637871505
S1-11172779	S3-481006431,S3-501655054
S1-1120102	S3-639859074,S3-971212463
S1-11379912	S3-485744950,S3-680233461
S1-114494253	S3-264705574,S3-414727630,S3-628771044
S1-114545614	S3-158853985,S3-163204090,S3-297511699,S3-470072521
S1-11483643	S3-946638461
S1-114850409	
S1-115386355	S2-384833438,S3-947330758
S1-117124656	S3-305111733
S1-117216872	S3-159848168,S3-441150948,S3-468917239
S1-117374073	S3-166738843,S3-520132365,S3-623000758
S1-117544682	
S1-117584998	
S1-118337101	S3-126814460,S3-969337875
S1-118615275	
S1-119170868	S3-248189349,S3-499230454,S3-739142782
S1-119471339	
S1-119853718	S3-516942455,S3-656216702,S3-732334484,S3-95927336
S1-119971515	S3-375990535,S3-656395359
S1-121586632	S3-21545897
S1-121975935	S3-921834262
S1-122221465	S3-290887544,S3-361144509,S3-789976001
S1-122385784	S3-332768247
S1-123104353	
S1-123645591	S3-132628610,S3-953438662
S1-124133884	S3-220292333,S3-338284001
S1-12557489	S2-557636663,S3-577493657,S3-71454567
S1-126274111	S2-775330636,S3-789318535
S1-126855509	S3-218696708,S3-37049219,S3-860768437
S1-127371136	
S1-128224466	
S1-128288991	S3-881579065
S1-12838861	
S1-129137876	S3-571312188
S1-129487038	S3-626500518
S1-129840509	
S1-130482385	
S1-131622546	S3-367684602,S3-642542775,S3-983984787
S1-13313453	S2-100792633,S2-248802949,S3-637839407
S1-133726642	S3-283754890
S1-134065488	S3-351091512,S3-614737744
S1-134212823	
S1-134964502	S3-549837264
S1-135545057	S3-603683079,S3-714678426,S3-787124517,S3-962511472
S1-136227642	S3-354205432
S1-136512898	S3-641011365
S1-137374858	S3-858905789
S1-138208605	S3-337057575,S3-620611336,S3-854853356
S1-138451152	S3-703888667
S1-139448568	S3-299103708
S1-139562945	S3-474369652
S1-139868503	S3-532052749,S3-687727128,S3-736112617
S1-140510120	
S1-140754223	S3-608784198
S1-141020972	S3-621583868
S1-141419819	S3-410887195,S3-790951635
S1-14173735	S3-475105538,S3-704499446,S3-715062536
S1-142476266	S3-17579063,S3-626941572,S3-882582527
S1-142991774	S3-461439412
S1-143416578	S3-672244841,S3-71865382
S1-143536197	
S1-143766834	S3-190051612,S3-231967999,S3-704126820,S3-768139163,S3-784070096
S1-1442433	
S1-144274940	S3-147757958,S3-190852694,S3-391294319,S3-568345326,S3-572806430
S1-144474816	S2-533748083
S1-144680242	S3-798914623
S1-144964246	S3-895708684,S3-898062774
S1-145093189	S3-723503280,S3-917625893
S1-145259886	
S1-145798710	S3-811479917
S1-146164660	S2-576190118,S3-344554977,S3-68079473
S1-146326736	
S1-146764860	S3-880541117
S1-146867417	S3-157848966,S3-34742245
S1-147202439	
S1-148192848	S3-394703332,S3-479167307
S1-149472874	
S1-149784022	S3-15931675,S3-452287724,S3-970241343
S1-150111624	S3-251510274,S3-584549626,S3-997505178
S1-150287637	
S1-151025271	S3-463420721,S3-473527691
S1-152508801	S3-862356466
S1-153146218	S3-829164483,S3-928020652
S1-154351391	
S1-154719183	
S1-156309919	S3-340210221,S3-378644915
S1-157094128	S3-195617580,S3-593927617
S1-157330686	S3-121333269,S3-162065219
S1-158003567	S3-824155443
S1-158077379	
S1-158427430	
S1-158892744	S3-982625051
S1-159388593	S3-38472674
S1-159545842	S3-965758181
S1-161141803	S3-337914692,S3-650622968,S3-849898778
S1-161337014	S3-274217546
S1-161736811	S3-500624005
S1-162442089	S3-170209649,S3-814531991
S1-162551304	S3-258396036,S3-830831454,S3-945316392
S1-162657603	S3-837869884
S1-163099746	S3-409289830
S1-163994639	
S1-16446879	
S1-164896274	
S1-165220078	S3-135371142,S3-617341528,S3-71761149
S1-165616390	S3-289871975,S3-385795126,S3-549647399,S3-689345274
S1-167833578	S2-154492366,S3-636426574,S3-962655526
S1-169519226	S3-591625619
S1-170472252	S3-356215358,S3-579813373,S3-79002940
S1-17075718	
S1-170883326	S3-268429616,S3-29987568,S3-525083607
S1-171641868	S3-264559711
S1-172611884	
S1-172958490	S2-228779376,S2-533304202
S1-174467251	S3-377818059,S3-795490373,S3-871816636,S3-999468596
S1-175207037	S3-134998996,S3-426937769
S1-175413430	S3-917605830,S3-945944903
S1-176417432	
S1-176552566	S3-379288718,S3-440062018,S3-732797292
S1-17665971	S3-496161403,S3-582282108
S1-177049354	
S1-177522997	S3-120829846
S1-177674448	S3-986664604
S1-177770989	S3-27568464
S1-178060739	S2-234965874,S3-15372403,S3-768766124
S1-178438393	
S1-179448674	S3-106314911,S3-884026252,S3-914736234
S1-180174918	
S1-180506407	S3-104203148,S3-132653209,S3-507183552,S3-668440794,S3-858500284
S1-180650580	
S1-180767191	S3-461324634
S1-181075395	S3-595649081,S3-871854178
S1-181117450	S3-331581607,S3-458100315,S3-839136802
S1-181784181	S3-25752188,S3-425936339
S1-181817412	S3-185133483,S3-724601779,S3-95982796
S1-181930859	S3-541711728,S3-84756516
S1-182352008	S3-278206651,S3-941086644,S3-984527289
S1-182458975	S3-529429526,S3-671266959
S1-183285524	S2-370841892,S3-618630885
S1-183383764	S3-135649944
S1-184753944	S3-388084424
S1-184948295	S3-546230526
S1-18535156	S3-229231972,S3-488929295,S3-759136289,S3-997004665
S1-185397229	S3-374249980,S3-715259485
S1-185535466	S2-182364885
S1-185787384	S3-383192789,S3-764198507,S3-792655822,S3-833779003
S1-186482547	S3-619277030,S3-677874720
S1-186527688	S3-117735988,S3-408211929
S1-186871220	
S1-188335410	
S1-188463826	
S1-189552336	S3-628486951,S3-807688625
S1-189800582	S3-571471961
S1-190331237	S3-581740418
S1-190474416	
S1-190778439	
S1-191234816	
S1-192915963	S3-7485708,S3-844111888
S1-192939249	S3-321740032,S3-939827009
S1-192984	S3-673257858
S1-193079869	S3-746047706,S3-961677976
S1-193832241	S3-104268655,S3-206812795,S3-486359730,S3-806419412
S1-194915000	S3-211870534,S3-509059154,S3-908621146
S1-195280703	S2-83775732,S3-123440094,S3-665349757
S1-195608628	
S1-195638626	S3-325403053
S1-195870068	S3-151717627
S1-196036715	S3-539122792,S3-616965494,S3-731165460
S1-196224130	S3-531737496,S3-705751416
S1-19674074	S3-722075075
S1-196777004	
S1-196930853	S3-367779605,S3-382857972,S3-533584165,S3-712188058
S1-198120889	S3-51763041,S3-718864826
S1-199222202	S3-988169779
S1-199310468	S3-834807734
S1-199987039	
S1-201542326	S3-367617973
S1-201577352	S3-836031481
S1-201994316	S3-195593554
S1-202561259	S3-327251618,S3-531814
S1-202888373	S3-713120776
S1-202918517	
S1-203108026	S3-748573050
S1-203203200	S3-722731696,S3-791203165
S1-204031459	S3-819503557
S1-204631479	
S1-205107754	S3-697348897
S1-205207034	S3-422299145,S3-46898056
S1-20522263	
S1-20627394	S3-82640755
S1-206836663	S3-227960709
S1-207542087	S3-727202293,S3-84307252
S1-207726794	S3-203143911,S3-210777573,S3-267518506,S3-748760188
S1-208575212	S3-211102667,S3-573832089
S1-208897477	S3-431696547,S3-515043856,S3-729588468
S1-209560741	S3-59192544,S3-667600650,S3-932329519
S1-21010276	S3-274372090,S3-315630500,S3-367867942,S3-498339561,S3-581963510,S3-94369164
S1-210951678	S3-309664698,S3-542723441,S3-82257287
S1-211142141	S3-466142882,S3-473045122
S1-211191931	S3-818765829,S3-866222142
S1-211274215	
S1-211592475	S3-192060253,S3-883938200
S1-211706351	S3-733771458,S3-917631265
S1-211740417	S3-537664497,S3-880281287,S3-889050218
S1-212032173	S3-429449792
S1-212677128	S3-592321491
S1-213044048	S2-767941927,S2-897274751,S3-117502474
S1-213366728	S3-165718172,S3-929151853
S1-213840961	S3-390964513,S3-670257769
S1-213854643	S3-551492889
S1-215270294	S3-732036088
S1-215273988	
S1-216144126	S3-260952932,S3-433109480,S3-932447619
S1-216408248	S2-158076477,S3-176597789,S3-363109787,S3-883956865
S1-216847975	
S1-216853138	S3-143369291,S3-363203365,S3-630411138
S1-216916804	S3-529367419,S3-532193271,S3-711168028
S1-217576490	S3-305536864,S3-736677552,S3-787698460
S1-217957750	
S1-218477814	
S1-218502829	S3-144167687
S1-219350089	S3-369078437,S3-480193920,S3-969341004
S1-219390382	S3-151012327,S3-581708937,S3-75677657
S1-220079199	S3-248802823,S3-255968190
S1-220084921	S3-682298984
S1-220260659	
S1-22032843	S3-349106102,S3-427438018
S1-220372723	S3-532711059
S1-220887760	S3-845197507
S1-22131575	S3-272331372,S3-75569683,S3-996313200
S1-221438257	S3-462564955,S3-64560848
S1-221868916	S3-848216500
S1-222836798	S3-27424026,S3-493487022,S3-72090702,S3-993019382
S1-223226381	S3-328290481,S3-888398849
S1-223585476	
S1-223740121	S2-333741086,S3-219397716,S3-298531826
S1-226273633	S3-157823494
S1-22655776	
S1-226835563	
S1-226928249	S3-38632483,S3-464053058,S3-627438690
S1-227219648	S3-676569807
S1-228133926	
S1-228871442	
S1-231565842	
S1-231685693	
S1-232288883	
S1-232979736	S3-467454271,S3-727436381
S1-233237645	S2-326727824,S3-277790612,S3-304911416,S3-604257962,S3-816382289
S1-234109819	
S1-236219320	S3-864368208
S1-23662686	
S1-237561989	S3-195051608,S3-666031414
S1-238165238	S3-187201760,S3-807994686
S1-238949648	S3-155157088,S3-563981870,S3-815479100
S1-239040445	S3-166690780,S3-21874843
S1-239414582	S3-688724079
S1-240486699	
S1-241194969	
S1-241415597	
S1-241440391	S3-165742504
S1-241987063	S3-169952894,S3-784910405
S1-242205089	S3-473134451
S1-242225778	S3-645271299,S3-79279142
S1-242252918	S3-928132304
S1-243492346	
S1-243499578	S3-503853334
S1-244617086	S3-638526735
S1-244908293	S3-198091800
S1-245205783	S3-155725963
S1-246032126	S3-216962062
S1-246043473	
S1-247242308	
S1-247594164	S3-474159705
S1-247612983	
S1-248613636	
S1-249155369	
S1-249300551	S3-233806415
S1-249407509	S3-224938450,S3-728884369
S1-249708203	S3-383324563,S3-588248867
S1-249826594	S3-250826889,S3-71908064
S1-249951521	
S1-250931789	S3-200124289,S3-255386124
S1-251011052	S3-499411357
S1-252557079	S2-419259613,S3-665794554
S1-254109927	S3-403326976,S3-809134928
S1-255090841	S3-761715783
S1-256176084	S3-619849031
S1-256305727	
S1-257404767	S2-795404459,S3-378504498
S1-259123476	
S1-25959355	
S1-259896101	
S1-260204874	S3-622057450,S3-753873158,S3-801819397
S1-260875297	S3-273442187,S3-89109996
S1-261170522	S3-422627746,S3-775890570
S1-261226148	S3-591565984,S3-794394171,S3-892500381
S1-262247415	S3-17853518,S3-4852985,S3-735861173
S1-262724894	S3-319480330,S3-423319862,S3-687023304,S3-913294189
S1-262803795	S3-67612640,S3-763836077
S1-262869861	
S1-263283707	S3-557083327,S3-571275436
S1-263379924	S3-192417394
S1-26341058	S3-261096396,S3-769785213,S3-914622019
S1-263986904	S3-183040842
S1-26435801	
S1-267323354	S3-355090287
S1-267378563	S2-439163135,S3-654036925,S3-913668516
S1-267626025	S3-127757756,S3-197470394
S1-268077715	S3-116836913,S3-303282252,S3-403951831
S1-268669067	
S1-268727774	
S1-269094403	S3-315835824,S3-579698598,S3-736613969
S1-269124821	S3-430671070,S3-566573663
S1-269480237	
S1-269606805	S3-14189436,S3-192295409,S3-606157531
S1-26972220	S3-769097709
S1-271071031	
S1-27176967	S3-237948836,S3-492408727,S3-846959155,S3-884307855
S1-271876796	S3-323774908,S3-390910914,S3-934129628
S1-271971040	
S1-272597688	S3-514388174,S3-703379223,S3-96243038
S1-272679307	
S1-27328911	S3-190470644
S1-273693856	
S1-273772046	
S1-27412725	S3-597767992
S1-274436728	S3-138382558,S3-156580162
S1-274508775	S3-274265724,S3-841354144,S3-856463876,S3-872865976
S1-274925692	S3-871995894
S1-275440387	
S1-275722977	S3-765215545
S1-275807127	S3-787387424
S1-27610521	S3-39693374
S1-276245329	S3-977924772
S1-276307250	
S1-276804213	S3-651772630,S3-891411567,S3-990345468
S1-276951807	S3-456990753
S1-277848190	
S1-279446676	S3-372749941,S3-879007585
S1-279746244	S3-104267127,S3-481610159,S3-493135220
S1-279963953	S3-113718798
S1-280897772	S3-401883556
S1-281731728	S3-960256923
S1-282608118	
S1-282967408	S3-918168247,S3-9652121
S1-283014894	S3-339607240,S3-491193094
S1-283685349	S3-334385126,S3-844682567,S3-939348324,S3-940660452
S1-283985549	S3-253527408
S1-285072614	
S1-285198980	S3-554364793,S3-73132925,S3-942420197
S1-285617979	S3-139391606,S3-601982371,S3-906938660
S1-285620421	S3-998655408
S1-286502411	
S1-286522620	S3-299681928,S3-567554444,S3-859176877
S1-286670231	S3-185638228,S3-199390656
S1-286723247	S3-144107616,S3-276452046,S3-859636638
S1-287220307	S3-20504083,S3-922847105
S1-287359440	S3-667523197
S1-287778874	
S1-288588262	
S1-288931430	S3-204101321,S3-258162524,S3-708056598,S3-83309894
S1-289329870	S3-159328564,S3-193980771,S3-453148120,S3-758976962
S1-290868682	
S1-291169676	S3-782907065
S1-291398160	S3-245063068,S3-247882301,S3-599213393,S3-822076897
S1-29256552	S3-760386233
S1-292853265	
S1-293070409	S3-12241347,S3-235910550,S3-867123559
S1-293122678	
S1-293244964	S3-638881243,S3-85328531
S1-293673743	S3-347272910
S1-29387523	
S1-294942896	S3-837345158
S1-294974988	S3-383947207
S1-295018333	
S1-295294453	S3-925237634
S1-296623522	
S1-297016023	S3-681071782
S1-29704874	
S1-297777655	S3-380931012
S1-297861839	S3-973262933
S1-298625846	
S1-299224872	
S1-299290631	
S1-300056072	S3-887311545,S3-963369924
S1-300395496	
S1-301232777	S3-891262565
S1-301477237	S3-612080021
S1-302590962	
S1-303706137	S3-458208334,S3-738431269,S3-974680630
S1-303793288	S3-440225503,S3-537085604,S3-708341102
S1-30383410	S3-126971257
S1-304248535	S3-116378492,S3-703542157,S3-774607811
S1-304390114	S3-191910336,S3-779140476,S3-950887192
S1-304661889	S3-205440652,S3-696043825
S1-304720617	
S1-305324409	
S1-30569693	S3-447943803,S3-726289333
S1-305777097	S3-241738757
S1-306195239	S3-167166285,S3-647501557
S1-306580773	
S1-30674002	S3-49139242
S1-306779909	S3-301398379
S1-306835759	S3-19985393,S3-720760844
S1-307277652	
S1-307330189	S3-458125156
S1-307615125	S3-841161709
S1-307875866	S3-535828258,S3-878326042
S1-310095620	S3-377514508,S3-968880449
S1-310166751	S3-296864719,S3-562838169,S3-97219964
S1-31048215	S3-138363092,S3-191330947,S3-396623163
S1-312444742	S3-239343536
S1-312513406	S3-370204727,S3-738651964,S3-926494181
S1-312610720	S3-421452298,S3-764713315
S1-313219985	S3-139598911,S3-723378120,S3-809420341
S1-313423382	S3-335419412,S3-758899955
S1-313435597	S3-219246754,S3-244142875,S3-645950136
S1-313486473	S2-297887712,S3-146821749,S3-674961400,S3-890649267
S1-313769847	
S1-313918745	S3-14546546,S3-364762130,S3-689417003
S1-315908426	S3-508280544
S1-315922257	
S1-315927153	S3-246145026,S3-318879619,S3-788089450
S1-316376610	S3-777214383
S1-316383771	S3-587823205
S1-316626845	S3-548530377,S3-682894028
S1-317106351	S3-621907707
S1-317363337	
S1-317551500	
S1-317707487	
S1-318087936	S3-299004358,S3-602463642
S1-319123315	S3-212352151,S3-555816435,S3-793646372
S1-319250263	
S1-319256668	S3-741298689
S1-31931266	S3-265514246,S3-941946597
S1-320086079	S3-235674295,S3-599995432
S1-320095989	
S1-320135670	S2-218702270,S3-15218554,S3-73288338,S3-954796696
S1-320329170	S3-92459627
S1-320769996	S3-258712883,S3-778115615,S3-877566376
S1-32131273	S3-37999841,S3-616094707
S1-322358360	S3-173222397,S3-514457720,S3-72888918,S3-774592069
S1-32254237	S2-899134646,S3-786233938
S1-32340186	S3-285570830,S3-546921936
S1-324684340	S3-517863,S3-805691839
S1-325413412	
S1-325632196	
S1-325772170	
S1-325879545	S3-109868435,S3-634595568
S1-327298339	S3-316668091
S1-327546778	S3-161357611,S3-305596314,S3-406266048,S3-945687656
S1-327590818	S2-57327426,S3-32647435,S3-552450593,S3-581856959,S3-595901905
S1-32880212	S3-509176839
S1-328997311	S3-534420095
S1-329066163	S3-303197693
S1-329937523	S3-706295071,S3-999003794
S1-330428857	
S1-330881735	S3-815208986,S3-920086626
S1-331007493	S3-166651334,S3-648043060,S3-832953460
S1-332306315	S3-219564255,S3-47420386
S1-332395916	
S1-332541138	S3-858686832
S1-332647251	S3-310183295,S3-973794840
S1-33302212	S3-21214780
S1-334125164	S3-634073375
S1-334574390	S3-672936869
S1-334650060	S3-278150037,S3-472020961,S3-7589930
S1-334672926	S3-356701721
S1-335572227	S3-128388021,S3-444408139
S1-336001330	S3-738104380,S3-898597017,S3-905235296
S1-336313200	S3-11672784,S3-400758714
S1-336786786	S3-657582288,S3-790891630
S1-337081657	S3-449694576
S1-337360484	S3-124726752,S3-741595320
S1-337620117	
S1-337798606	
S1-338410901	S3-245875268,S3-53207309
S1-339269492	S3-22377139
S1-340171740	S3-423139491
S1-341173150	S3-421667595,S3-636362433,S3-703472144
S1-341836448	
S1-342524902	S3-123101660,S3-734972619
S1-34406583	S3-392484536,S3-657943678
S1-344502679	S3-212449186,S3-73071202
S1-344665822	S3-536186712
S1-345143445	
S1-34561630	
S1-345663082	S3-560030303
S1-346536239	S3-611919503,S3-693627252,S3-928798235,S3-990549317
S1-346600018	S3-765871831
S1-346777444	S3-538156079,S3-619932727
S1-347810367	S3-2965120,S3-408638839
S1-348535141	S3-124520814,S3-396746604
S1-349698918	S3-109887568,S3-5371667,S3-541968
S1-349880030	S3-46306615,S3-537595590,S3-820712067
S1-349964727	
S1-350174317	
S1-350976457	S3-577813438
S1-351923899	S3-507005010,S3-669669673,S3-696392201
S1-35243972	S3-399488077,S3-532683212,S3-534465572,S3-731728800
S1-352595333	S3-850250499
S1-35309228	S3-453751428
S1-353555145	S3-751401112,S3-865204287
S1-353684891	S3-904432070
S1-354584097	
S1-354802188	S3-4154961
S1-354829965	S3-328732521,S3-873406422
S1-355425446	S2-426887952,S3-767181778,S3-839679997,S3-961017410
S1-355877718	
S1-356241422	S3-550266625,S3-754424148,S3-825405966
S1-35628781	S3-5274184
S1-356330116	S3-153027663,S3-467457175,S3-846763283
S1-36050400	S3-362041243,S3-545578962,S3-831186136,S3-890622316
S1-360755167	
S1-361204632	S3-297785465
S1-361557008	
S1-364380070	S3-273939507
S1-364411389	S3-593687347,S3-621453139,S3-626650694
S1-364571908	S3-1034254
S1-3656525	S3-131119723,S3-140420479,S3-49224039,S3-657123315,S3-742786583
S1-365863157	S3-378067042,S3-812802442
S1-365954294	S3-163038732,S3-706213569,S3-732775921,S3-904391305
S1-366204436	S3-459682617,S3-82064014
S1-366883710	S3-15567122,S3-444214028,S3-922238466
S1-366906832	S3-172622687
S1-367171000	S3-425028185,S3-648090026,S3-689847599
S1-367959075	S3-40796460,S3-54648901,S3-617869703
S1-36827470	S3-399066844
S1-368294495	S3-415672731,S3-993369399
S1-368908513	S3-840100079
S1-3691239	S3-546507342
S1-369295741	
S1-369558346	S3-498121857,S3-713725350,S3-971511131
S1-369896511	S3-237385457,S3-404266032
S1-370245336	S3-782295350
S1-370470963	S3-154599656,S3-386501349,S3-721047925,S3-818148997,S3-973405088
S1-370569381	S3-376661008,S3-412124902,S3-994378047,S3-997602841
S1-370806262	S3-628962677
S1-371267677	S2-901061609,S3-139954746,S3-311661075,S3-472506722,S3-614010854,S3-740666959
S1-37187771	
S1-372249803	S3-535117333
S1-372414613	
S1-372672851	
S1-373022381	
S1-373387246	S3-110236940
S1-373553677	S3-787605895,S3-966815419
S1-3739554	S3-176244195,S3-769382007
S1-374765600	S3-2290069
S1-37484772	
S1-37588878	S3-372865180,S3-920636768
S1-376870527	S3-397004596,S3-581433713
S1-376883229	
S1-378176090	S3-294339097,S3-323107027
S1-378974228	S3-168822888
S1-379187097	S3-220538887,S3-614168841,S3-637372940,S3-673553189
S1-379631122	S3-883764945
S1-379955483	S3-183191379,S3-293104429
S1-38085002	
S1-380907401	S3-145345322,S3-285725944
S1-381362993	S2-225081306,S3-1731453,S3-7069231
S1-381401087	S3-768409248,S3-829349797,S3-848193929
S1-381517629	S3-930919585
S1-381832976	S3-615020234,S3-684306801
S1-382089726	S3-165191798,S3-593707017,S3-999683885
S1-382841899	S3-890043885
S1-383689907	S3-94655398
S1-383705289	S3-9001336,S3-938493457
S1-383997538	
S1-384095941	
S1-384391959	
S1-385560589	
S1-385884447	S3-72854701
S1-386124783	S3-236993586,S3-7132411,S3-881657466
S1-386672715	S3-105623603,S3-155564460,S3-655604624
S1-387498038	S3-803219691
S1-387628585	
S1-387856021	S3-137882794
S1-387867383	S3-342803029,S3-823164324
S1-388152199	S3-120083125,S3-156371879,S3-375619217
S1-388251219	
S1-388483103	S3-306974955,S3-615029394,S3-868677051,S3-92419232,S3-979975029
S1-388565911	S3-354695154,S3-673874976
S1-3885889	
S1-38884393	S3-899101121,S3-972225764
S1-388940715	S3-309431136,S3-683239596
S1-389884523	S3-5273798
S1-390023189	
S1-390583993	S3-526305218
S1-391150694	
S1-392389716	S3-361078937,S3-522044880,S3-648857077,S3-66173498
S1-393024583	S3-259003882,S3-851457558
S1-393296984	S3-547954805,S3-830622436
S1-39385675	S3-942071174
S1-394334841	S3-321782754
S1-394524206	S3-526179679,S3-729082992
S1-394925431	S3-549479398,S3-828294643,S3-830009176
S1-395055615	S3-232538235,S3-242263311,S3-261432985,S3-511871462
S1-395316873	S3-476181317,S3-601773055,S3-756516240
S1-395503414	S3-312266581,S3-492041562,S3-864420435
S1-395747417	S3-55048406
S1-396560502	
S1-396704474	
S1-397140255	S3-780259541
S1-39733947	S3-620721706
S1-397861387	S3-460605288
S1-398160036	S3-698253328
S1-398771695	
S1-400293805	
S1-400760893	S3-283631818,S3-536232624,S3-663886340,S3-747377167,S3-832457809,S3-894897992,S3-914359547,S3-988188116
S1-400950017	S3-336920550,S3-555869094,S3-731913030
S1-401204594	S3-563805051
S1-402263041	S3-808460033
S1-402312204	S3-59295483
S1-404917346	
S1-405440827	S3-519696024,S3-534206930,S3-606532087
S1-405602194	S3-897523996,S3-975357737
S1-405858712	S3-191132869,S3-761411305
S1-406046827	S3-120547207,S3-224260203,S3-629495521
S1-406695933	S3-279422200,S3-960199914
S1-407373690	S3-20289290,S3-811672873,S3-848665387,S3-920835862
S1-407479460	S3-389495728,S3-532517057,S3-895800810
S1-407654264	S3-316949427,S3-612256768
S1-410139187	S3-262091942
S1-411535328	S3-924058913
S1-413573159	S3-114162357
S1-414204370	S3-829171937
S1-4144001	S3-439654644
S1-415574004	
S1-416820677	S3-123249148,S3-887415899
S1-417324728	S3-357774432,S3-819316039
S1-417926500	S3-251485188,S3-731507314
S1-418681286	
S1-420115705	S3-707028464
S1-420548393	S3-772961906
S1-421188239	S3-234396632,S3-541896285
S1-422613032	S3-358662211,S3-78646741
S1-422684979	S3-819932997,S3-836528188
S1-423038111	S3-839224621,S3-866751382
S1-423303116	S3-104737230,S3-143856842,S3-43957066
S1-424421169	S2-81698759,S3-253154824
S1-424447492	S3-40770551,S3-613624832,S3-704616586
S1-424777284	
S1-426176765	S3-157230134,S3-315448986,S3-557839073
S1-426194890	S3-131842585,S3-295497808,S3-931551781
S1-426351934	S3-454591889,S3-537921274,S3-540716925,S3-621683189
S1-427285316	S3-65925804
S1-427329185	S3-669199922
S1-427417800	S3-706262953
S1-427642601	S3-541963415
S1-428039663	S3-139699012
S1-428129299	
S1-428740320	S3-574671542,S3-752956014,S3-956476456
S1-429185660	S3-13838627
S1-429550703	S3-34732145,S3-413542027,S3-79826289
S1-430298053	S3-141533889,S3-766866594,S3-977572306
S1-430462466	S3-804152911
S1-430720482	
S1-430806766	S3-771282016
S1-431137009	S3-149023804,S3-383791259
S1-431549235	
S1-431851952	S3-124181099,S3-225277339,S3-575345718,S3-90782749
S1-432156042	S3-472322730,S3-587182530,S3-703727371
S1-432456861	S3-66164971,S3-904353619
S1-432919128	S3-712413040
S1-433218068	S3-121002610,S3-607726213
S1-434164541	
S1-434307548	S3-777843101,S3-982308534
S1-434503040	S3-421370986
S1-434862335	
S1-435483200	S3-837147467
S1-435843549	S3-24375918,S3-271095016
S1-436426640	
S1-43659975	
S1-436728967	S3-491449019,S3-813600030
S1-43711739	S3-194522799,S3-965962389
S1-437281614	S3-211369934
S1-437537573	S3-629487036
S1-437847715	S3-469685468,S3-882805779
S1-437925959	S3-195836034,S3-526617534,S3-875075905
S1-439554708	S3-151945238,S3-344461898,S3-685213568
S1-439936870	
S1-44024494	
S1-443094160	S3-202997761
S1-443269250	S3-770242644
S1-443779817	S3-261621654
S1-443842458	S3-208061667,S3-324206369,S3-722231528
S1-444758994	S3-673847678
S1-445054267	S3-439745501
S1-445138817	S3-594692318,S3-940248255
S1-445938841	S3-558638797,S3-760705545
S1-446339436	S3-131659273,S3-501418790,S3-870056994
S1-446660894	S3-17172077,S3-604114564,S3-892991858,S3-941815430
S1-446844125	S3-14624818
S1-447171342	S3-48907276,S3-913774466
S1-447767050	S3-417786981,S3-55215615,S3-618072360,S3-683849612
S1-448241121	S3-477128668
S1-44829369	S3-138761349
S1-44832721	
S1-448724215	S3-316839265,S3-637941761
S1-448725729	S3-191518163
S1-449179193	
S1-449242548	S3-999953687
S1-450416781	S3-850986847
S1-450555812	S3-344051961,S3-82528485
S1-45193124	
S1-452370815	S3-155739115,S3-650651810,S3-776493748,S3-98876800,S3-99805708
S1-452434765	S3-334449687,S3-360873045,S3-69324749,S3-975699872
S1-453539657	S3-623621291
S1-453884385	S3-302762790
S1-45476583	S3-510295647,S3-709112368
S1-456004091	
S1-456450816	S3-266423074,S3-815740725
S1-456966874	S3-713202850
S1-45841780	S3-450986411,S3-682005486
S1-458704087	S3-16169695,S3-405180679,S3-4659745
S1-459183905	S3-216123505
S1-459265885	S3-100086540,S3-458120166,S3-663926175
S1-459519226	S3-401606596,S3-443421692,S3-535996697
S1-460245261	S3-549539543,S3-605410990
S1-460623766	
S1-461612339	S3-445597480,S3-85795406
S1-462412290	S3-488987228,S3-615355567,S3-862790322,S3-919413695
S1-462436614	
S1-46249643	S3-782320906
S1-46287321	S3-169463439,S3-19938715,S3-794222312,S3-810061860
S1-462903418	S3-253403422,S3-991389727
S1-463400859	
S1-463422404	S3-603533120
S1-464076918	S3-224513839,S3-576975570,S3-632933096,S3-785605429
S1-465125003	S3-24923077
S1-465253552	S3-186787881,S3-334107813,S3-488238484,S3-63152429,S3-847867776
S1-465371823	S3-818854917
S1-465550747	S3-199274374,S3-274120877,S3-382034561,S3-860532454
S1-465557953	S3-412396274,S3-750299649,S3-972494986
S1-465651224	
S1-467214528	
S1-467361937	S3-526344622,S3-559831386,S3-711642483,S3-997071433
S1-467647338	S3-412815833
S1-468536106	S3-251879078
S1-468920238	S3-163510859,S3-301981029
S1-469306646	S3-255547992,S3-678510677
S1-470322770	S3-582989195,S3-956086342
S1-472230182	
S1-474309110	S3-516025112,S3-732209122
S1-474327244	S3-432871976
S1-474452362	
S1-476026008	
S1-476075704	S3-710359732
S1-476492862	S3-263487057
S1-47692913	S3-231428464,S3-291597963
S1-477473377	S3-502289257,S3-657627404,S3-738598867
S1-477543769	S3-773212172
S1-477554046	S3-263280226
S1-477606390	S3-67560632
S1-47769331	S3-334505387
S1-478011420	
S1-47824381	S3-172936074,S3-239323837,S3-395174911,S3-621506126
S1-478404464	S3-118991403
S1-479716586	S3-450670289,S3-889770482
S1-480457861	S3-110448059,S3-445414773,S3-562296683
S1-480678958	S3-68745414
S1-481259122	S3-744897618,S3-829035031
S1-481517957	S3-392631588
S1-481776787	S3-422842423
S1-482004262	S3-226026951,S3-478648185
S1-482145452	S3-52147408
S1-482469421	
S1-48247433	
S1-483421527	S3-121602801,S3-146517039,S3-17520231,S3-642132699
S1-48348813	S3-203491139,S3-27090752,S3-409533626
S1-483602789	
S1-484151099	S3-608361077,S3-875970707
S1-484217155	S3-621012337,S3-66829638
S1-484421805	S3-24002317,S3-305682534,S3-324721546
S1-484448860	S3-29764693
S1-484953487	S3-355396115,S3-406863131
S1-485244267	
S1-485676347	S3-106303832,S3-361378280,S3-425216562,S3-745256594
S1-485690667	S3-564992963
S1-486008614	S3-805574283
S1-486985965	S3-285123083,S3-772510486
S1-487587563	S3-4488430,S3-888012615
S1-487983953	S3-758035041
S1-488174268	S3-53857032,S3-709307418,S3-763522299
S1-488457630	S3-141848681,S3-147279343,S3-416629899,S3-495442608,S3-57955306,S3-6434216,S3-992668024
S1-488551561	S3-973123380
S1-488573521	S3-440232198,S3-459914236
S1-488635826	S3-734000311
S1-489820330	S3-94800936
S1-490623704	S3-985445102
S1-491043289	S3-113045249,S3-639857681,S3-92463575
S1-491136206	S2-741478394,S3-228983668,S3-280773635,S3-617016642,S3-854796313,S3-859870279
S1-491672580	S3-819427724,S3-956650867
S1-492055681	S3-173695263,S3-426086623,S3-522476395,S3-594240087
S1-492200010	S3-160670304,S3-62417820,S3-886461930
S1-49325121	S3-552201169,S3-631251223
S1-493296382	S3-178560847,S3-268171771
S1-494063096	S3-85501431,S3-935579763
S1-49422945	
S1-494770466	
S1-496177826	S3-248902045,S3-640851898
S1-497450389	S3-811154074
S1-497960353	
S1-498238794	S3-558285322
S1-498352099	S3-178704615,S3-795209383,S3-835855254
S1-498566339	S3-322074713,S3-573672296
S1-498987567	
S1-499676345	S3-240930517,S3-322351719,S3-78244674,S3-950069073
S1-503248917	S3-714135159
S1-503254241	S3-180251995,S3-352628455,S3-354938903,S3-559397696
S1-504035501	S3-141602419,S3-155329992,S3-247665214,S3-320357458,S3-693486057
S1-505093692	S3-606487210
S1-505499864	
S1-506844307	S3-146150367,S3-615001904,S3-998273127
S1-506942347	
S1-506960762	
S1-507163415	S3-660244635
S1-507585165	S3-24190127,S3-968829675
S1-507847705	S3-550905636,S3-692240994
S1-507914342	S3-269378671,S3-954646095
S1-509532493	S3-138608272,S3-428708300,S3-667383027
S1-509819452	S3-271901983
S1-510619005	S3-543707144
S1-510844455	S3-266282216,S3-511625735,S3-59389030,S3-635006435,S3-870296568
S1-511102624	S3-395450049,S3-656279597
S1-511231810	S2-675789787,S3-23571858,S3-656463530
S1-511579796	S3-330624193,S3-796463148
S1-511635908	S3-40478192
S1-512210875	S3-596834482,S3-87991799,S3-968562338,S3-998257097
S1-512977268	S3-396197965,S3-470365596,S3-85710246,S3-932496949
S1-513923669	S3-213081805,S3-314124526
S1-513946183	S3-244452208,S3-7962234
S1-514230893	S3-151608514
S1-515416404	S2-325216507,S3-812769741
S1-515533815	S3-285792669,S3-531483863
S1-515623482	S3-310542915,S3-746676592,S3-806587417
S1-515708142	S3-907610273
S1-515756618	S2-326590840
S1-51627651	S3-418649267,S3-543808193,S3-791091478,S3-986477165
S1-516887444	S3-292185351,S3-551965726,S3-655654957
S1-517855803	S3-520410172
S1-517875342	S3-936733056
S1-518019591	S3-388038862,S3-686968140
S1-518054237	
S1-518257638	
S1-518847572	S3-6215726
S1-519693590	S3-899518015
S1-519840188	S3-788006933
S1-519922827	S3-286828259,S3-520437162
S1-520627257	S3-212241484
S1-520799361	S3-901511217,S3-928740714
S1-521891133	S3-278534575,S3-304475015,S3-312553785
S1-522096220	
S1-52218655	
S1-522913763	S3-287596947,S3-628286939,S3-784213896
S1-523081588	S3-156191074,S3-632284300,S3-938747126
S1-523668950	S3-45461117,S3-644528284
S1-524921862	
S1-525028892	
S1-525338418	S3-72187781
S1-525417001	S3-915913659,S3-928825162,S3-974194544
S1-52561398	S3-129509726,S3-284213058,S3-322930798,S3-635596868
S1-525956648	S3-173932574,S3-945519957
S1-526099771	
S1-526715015	S3-516555218,S3-675778260
S1-528167894	S3-430895985
S1-528658891	S3-886547537,S3-901386231
S1-528903974	
S1-528962373	S3-437572180,S3-542715889,S3-852755304
S1-528996282	S3-310639290
S1-52933535	S3-501483064
S1-529773438	
S1-530166193	S3-102241114,S3-707205803
S1-530652067	
S1-530927300	
S1-531484241	S3-527114524,S3-548484656,S3-959432866
S1-531518308	S3-992865752
S1-531818420	S3-579802015,S3-808785726,S3-809485327
S1-531935920	S3-193370091,S3-497658101
S1-533417053	S3-663983412
S1-533522938	
S1-533646673	S3-473614141,S3-485777760
S1-533888847	
S1-534082963	S3-852818381,S3-885942138
S1-536137479	S3-214298743,S3-414485442
S1-536176896	
S1-537370589	S3-136533178
S1-537792151	S3-637404737
S1-538442544	
S1-539063080	S3-210774198,S3-756490712,S3-806706030,S3-846387747,S3-882729031
S1-540464439	S3-386058708,S3-427580251
S1-540642140	S3-580888173
S1-540853898	S3-492436537,S3-898880670
S1-541465582	
S1-541577615	
S1-541847553	S3-464125372,S3-620195456,S3-703629333
S1-542615632	S3-31043964
S1-54296194	
S1-543722551	S3-754079365
S1-543738021	S3-152039747,S3-450549578
S1-544497855	S3-665609826
S1-544503346	S3-166372521
S1-544687180	
S1-544999938	S3-18968934,S3-759254729,S3-898420899,S3-998979548
S1-545237886	S3-295408647,S3-422360286,S3-479026430,S3-813075102,S3-925249759
S1-545535789	S3-444798361,S3-620926611,S3-754082068
S1-545863954	
S1-546310278	S3-391275956,S3-728146604,S3-92679385
S1-546941880	
S1-546977246	
S1-547053441	S3-353412449,S3-367265481,S3-766620076
S1-54741905	S3-347803253,S3-779716083,S3-925720153,S3-942216319
S1-547584910	S3-105717548,S3-340333576,S3-663288995
S1-547691555	
S1-548060265	S3-816010848
S1-548076237	S3-247561141,S3-290685451
S1-548806001	S3-566994936
S1-550084951	S3-750677324,S3-759186885,S3-945778346
S1-550631169	S3-159783015,S3-899846021,S3-902914645
S1-55150336	S3-858629454
S1-551674638	S3-492904799,S3-78868505
S1-552152222	S3-163199909,S3-309721782,S3-740269521
S1-553640250	S3-326493809,S3-823944701
S1-553833283	
S1-553965982	S3-759646153
S1-554221067	S3-55793725,S3-748660086,S3-763867563,S3-99389912
S1-554466290	
S1-555104163	
S1-556477229	S3-961725003
S1-55675855	S3-279649945,S3-459432007,S3-768246495
S1-557169552	S3-224345630,S3-694016053
S1-557370412	S3-378459815
S1-557406911	S3-495369327
S1-557517141	S3-245097929,S3-569021136,S3-66882882
S1-559167236	S3-135160657,S3-342811584,S3-464749948
S1-559615219	
S1-560457112	S3-682229955,S3-689297674,S3-895021255
S1-560700616	S3-155862362,S3-748897882
S1-561713507	S3-688354274,S3-697376948
S1-561898259	S3-25340291,S3-661627538,S3-923794940
S1-562226373	S3-596805775
S1-562491304	S3-128488034,S3-149522770,S3-430879921,S3-684792195,S3-933385400
S1-563412246	S3-120417277
S1-563807678	S2-274098839,S3-206317021
S1-56410032	
S1-564662660	S3-703576675
S1-564765699	S3-585620291
S1-565080820	S3-365460745
S1-56536956	S3-115809609,S3-183738755,S3-208454848
S1-565490118	S3-338047584,S3-670612783,S3-848694653
S1-565756762	
S1-56876731	S3-908861418
S1-568956292	S3-391367859,S3-956381449
S1-569369299	
S1-569459170	S3-248388324,S3-864308843
S1-569481503	S3-115992800
S1-5694837	S3-91486203
S1-569725243	
S1-570550851	S3-581834695
S1-571678867	S3-433975233
S1-572311197	
S1-573008876	S3-109749026,S3-290820451,S3-507778107,S3-602804271
S1-573105537	S3-225967634,S3-972895921
S1-573169622	
S1-573188346	
S1-573340150	
S1-573827896	S3-257484795,S3-867855264
S1-574037530	
S1-574155133	S3-907429874
S1-574386834	S3-457475819,S3-693624298
S1-574528784	S3-64237512,S3-658303321
S1-574838650	
S1-574890757	
S1-575597070	S2-755952832
S1-575778021	S3-562928820
S1-57650800	S3-552854136,S3-676751932
S1-576833127	
S1-576871849	S3-305668445,S3-714866086,S3-857965987,S3-90077183
S1-578281785	S3-26215462,S3-317218734
S1-578765674	S3-312397777,S3-741235856,S3-83107746
S1-578967821	S3-13813006,S3-200833732,S3-579758368
S1-578981674	S3-162559834,S3-278795996,S3-309203048,S3-437460962,S3-620287376
S1-579135386	S3-374984266
S1-579470647	S3-244634520,S3-624248916
S1-579844828	S3-43321971
S1-580637198	S3-578794784,S3-745371848
S1-58076305	S3-108766433,S3-110367859,S3-136378745,S3-610852571
S1-581360597	S3-140202709,S3-423460994
S1-582385973	S3-317962224
S1-582545917	S2-637707478,S3-413035631,S3-713167050
S1-583030458	S3-443962911
S1-583355528	S3-478012280
S1-584741776	S3-192351992,S3-926022812
S1-584838253	S3-113870873,S3-40704067,S3-878153677
S1-58506863	
S1-585323068	S3-293587523,S3-413987312,S3-920581524,S3-955322484
S1-585951458	S3-889696399
S1-585986705	S3-387770491
S1-586245621	S3-229229380
S1-586291714	
S1-587182916	S3-732766346
S1-587243353	S3-461056332,S3-501160482,S3-565386790,S3-770529513,S3-863671518
S1-587399612	
S1-587656352	S3-150914287,S3-227166971,S3-370940004,S3-621545865,S3-663982585
S1-588164601	S3-902401665
S1-58896189	S3-166752247,S3-243933048,S3-530329381,S3-818945635
S1-589299918	S3-368857945,S3-652911115,S3-730810670,S3-765782626
S1-589666205	S3-647327019
S1-589702181	S3-561276694,S3-699562559
S1-590126941	S3-219891507
S1-59070872	S3-173552811,S3-775862459,S3-891118755
S1-590781135	S3-575399418
S1-590847839	S3-637717679
S1-59104576	S3-394394998,S3-959298636
S1-591377734	S3-473420679,S3-869085204
S1-591825395	S3-784554592
S1-591894902	S3-308159053,S3-326540337
S1-593199514	
S1-593256153	S3-101615008,S3-289909639,S3-67298682,S3-821258996
S1-594051562	
S1-594835605	S3-75185828,S3-826127971
S1-595450886	S3-161550686
S1-595583207	S3-33119337,S3-542929287
S1-595750457	
S1-595832241	
S1-596707551	
S1-596750278	
S1-597171150	S3-656504297
S1-597380027	
S1-597826913	S3-170474044,S3-987240062
S1-598483634	
S1-598558953	S3-723460337,S3-968292918
S1-599191143	S3-137136575,S3-797239562,S3-820287248,S3-967439749
S1-600328758	
S1-601165352	S3-207089179,S3-621959080
S1-601413247	S2-685451368,S3-186822886,S3-296359879,S3-395692070,S3-438729680,S3-726426901,S3-91055069
S1-60188978	S3-677829310,S3-863422678
S1-602504327	S3-541294672,S3-704589163,S3-728869731,S3-978542704
S1-602819064	S3-102577842,S3-644657453
S1-603084324	S3-140474532
S1-603272005	
S1-603458137	S3-240633224
S1-603853354	S3-909569411
S1-60400943	S3-663417077
S1-604640170	S3-198126607,S3-5469793,S3-735132064,S3-790154540
S1-6049393	S3-293391848,S3-56132579
S1-605381994	S3-166462312,S3-289814983,S3-603437925,S3-661802143
S1-605833617	S3-219280251,S3-392612845,S3-79832407
S1-605927691	S3-642924548,S3-766423780
S1-606109731	
S1-606322048	S3-996448000,S3-998570767
S1-607302089	S3-441341258
S1-60860552	S3-124418515
S1-608765617	S3-197703786,S3-513800148
S1-611397964	S3-206110776,S3-586317687,S3-679885295
S1-611494505	S3-679313027
S1-611784409	S3-25930662,S3-29317379,S3-430693823,S3-842954968,S3-858476868
S1-612238175	S3-133085603,S3-136007903,S3-850039768,S3-898087109,S3-912873346
S1-612318075	S3-307638340
S1-613214928	S3-119847305
S1-613788308	S3-131048553
S1-614259237	S3-625725294
S1-614335328	
S1-614658263	S3-254910590,S3-497450328,S3-551894654
S1-615317204	
S1-616686159	S3-112565237,S3-162865732,S3-583977673
S1-616763550	S3-157704910
S1-616805867	
S1-61706229	S3-143373779,S3-326773380
S1-617273697	S3-102513381,S3-176413412,S3-878447474
S1-617396262	S3-630206737,S3-947179551
S1-617543495	S3-393112939,S3-532281449,S3-593316426,S3-598488001
S1-618348640	S3-555294331
S1-618419675	S3-178206706,S3-396399117,S3-81971153,S3-911538155
S1-618510970	S3-126825632
S1-618573412	S3-180912296,S3-764240204
S1-618904464	
S1-618982360	
S1-619607055	S3-319660391,S3-564916863
S1-619774121	S3-363018816
S1-620248710	S3-968275425
S1-620439917	
S1-621024	S3-106912523
S1-621676240	S3-328434180
S1-621693012	
S1-62193120	S3-22443970,S3-281125094
S1-623031914	S3-410114301,S3-718272348,S3-966095524
S1-623945047	S3-434247043,S3-912310267
S1-624190405	S3-503551170
S1-625153781	S3-333905610,S3-879334659
S1-625534251	S3-370413596
S1-625671392	S3-766050102
S1-626393772	S3-226992498,S3-428030467
S1-626838100	
S1-626957328	
S1-628181732	S3-241105488,S3-379573632,S3-795743810
S1-629792731	S3-18715420,S3-807513811,S3-891842016
S1-630388008	S3-904059640
S1-631359163	
S1-631692696	
S1-631938182	S3-303157331
S1-632406610	S3-544093311,S3-656741279,S3-980710963
S1-633480269	
S1-63360202	S3-276545589,S3-42966182
S1-634363854	S3-10018976,S3-193837099,S3-25157485
S1-634610332	S3-260624007
S1-634758155	S3-529753628
S1-636086367	S3-905965646
S1-637166800	S3-367706087,S3-672609678,S3-980674923
S1-638312402	S3-774802681,S3-793074517
S1-638671172	S3-322190973,S3-398860747
S1-638783471	S3-419053465,S3-871498354
S1-639347951	S3-652156244,S3-95807515,S3-984661185
S1-639624187	S3-576661016
S1-640880009	S3-844497395
S1-640903890	S2-809866423,S3-136131916,S3-703258877
S1-641521538	S3-595399629
S1-641733504	S2-175987478,S3-277214748,S3-421342079,S3-491956617,S3-852083770
S1-642199078	S3-646481429,S3-732517325
S1-642478916	S3-443961855,S3-664020849
S1-642556170	S3-146461133,S3-661992206,S3-933971868
S1-643243730	
S1-643352695	S3-138646529,S3-234905206
S1-643493833	
S1-643635283	S2-148067284,S3-706501892
S1-643815315	S3-584982312,S3-888193845
S1-644148320	
S1-64429589	S3-280287974,S3-493912852
S1-644800304	
S1-64556891	S3-286100990,S3-374813543
S1-645673704	
S1-646257562	
S1-646950062	S3-130221087,S3-954576747
S1-647405042	S2-308836903,S3-187656442,S3-760917793,S3-79747055
S1-647575013	S3-4610451
S1-648244328	S3-192961678,S3-240835911
S1-648668492	S3-613861574,S3-62763553
S1-648674922	S3-546906605,S3-650191322,S3-771845230,S3-971089076
S1-649472075	
S1-65034685	
S1-650443341	
S1-650940902	
S1-652192238	S3-743468938
S1-652950277	S2-657766050
S1-653023012	
S1-653966048	S3-163646019,S3-176483343,S3-238349877,S3-406009225,S3-869343331
S1-654007483	S3-383237547
S1-654481042	S3-678576160,S3-846178181
S1-654815541	S3-584524123
S1-655077783	
S1-655539970	S3-450860013
S1-655700316	S3-428223938,S3-805064781,S3-839238856
S1-656137509	S3-592580922
S1-656284403	S3-208797922,S3-262647736
S1-657451229	S3-533165887
S1-658544337	S3-359181566,S3-532534731,S3-668564980,S3-853846350
S1-658909434	S3-197116855,S3-517365421,S3-569764324,S3-795041827
S1-659049595	S3-560927124,S3-808346506
S1-659724947	S3-499070719,S3-783203012
S1-660027440	S3-371678880,S3-82564698,S3-845975647
S1-660051846	S3-232962813,S3-702178762,S3-961810727
S1-660662666	S3-624188694
S1-661092369	S3-522114467,S3-858596107,S3-948846188
S1-662502009	
S1-662864844	
S1-663011781	S3-105174410,S3-116703552,S3-649657136
S1-664710253	
S1-665029982	
S1-665143790	S3-455405278
S1-665203072	S3-429892167,S3-776377119
S1-665272235	S3-517199231
S1-665658508	S3-739007981
S1-665766977	
S1-666278165	S3-227024841
S1-667108166	S3-365705509,S3-476798279
S1-667245441	
S1-668617296	S3-200196087,S3-303356931,S3-818258931
S1-668762034	S3-134782017,S3-335246386,S3-382437548,S3-466785305,S3-719997389
S1-668820810	
S1-669118103	S2-165820601,S3-226386900,S3-378872427
S1-669279083	S3-109430574,S3-606133591,S3-925423792
S1-669776689	S3-282799643,S3-495575651
S1-669877826	
S1-67005936	S3-640443245
S1-670613672	
S1-671126660	S3-240157628,S3-854731381
S1-671904040	S3-150286219,S3-752901914
S1-672014895	S3-130648401,S3-938209090,S3-973224336
S1-672445783	S3-589094471
S1-672577896	
S1-672593972	S3-918708483
S1-673136886	S3-204540064,S3-370234138
S1-673481371	S3-112512457
S1-673515563	S3-106728127,S3-386835202,S3-906063703
S1-673552678	S3-456146992,S3-792875627,S3-879488659
S1-673637219	
S1-674001307	
S1-674800210	S3-950524930,S3-953517404
S1-676913086	S2-390540030,S2-529610003,S3-385386594,S3-876484943
S1-677361364	S3-239813077
S1-67753444	S3-188793318,S3-246270094,S3-699993294
S1-677620581	S3-210066842,S3-482109060
S1-677625506	S3-444082345,S3-673963824
S1-677821747	
S1-679007878	S3-250445878
S1-679166544	
S1-67971888	S3-207566409,S3-297291866,S3-34730668,S3-440989628,S3-538344255
S1-680727611	S3-362198899,S3-575176347,S3-977972331
S1-681088096	
S1-681231500	S3-738837291,S3-824074972,S3-979400656
S1-681404732	S3-293577356
S1-682083447	S3-556254663,S3-983440940
S1-682184933	S3-122200252,S3-230819743,S3-424012230
S1-68315962	S3-298632651,S3-848332131
S1-683401026	S2-46658258,S3-104440946,S3-813978109,S3-863360007
S1-683685760	S3-856306792
S1-68375440	S3-833504914
S1-684208113	S3-296106343,S3-394142119,S3-681580372
S1-684318101	S3-162684321,S3-376522910
S1-684529695	
S1-684974736	S3-668113792,S3-894822385
S1-685163224	
S1-685693871	
S1-686724393	
S1-687138169	S3-245298540,S3-672052844,S3-802730094
S1-687443441	S3-40800326,S3-880195370
S1-687813152	S3-710247440,S3-798873468
S1-687825000	S3-155934902
S1-688299992	S3-296433528,S3-85471988
S1-688607805	
S1-690723863	S3-830783834,S3-956516997
S1-692949559	S3-24622475,S3-272587052,S3-535666442
S1-693320997	S3-50197835,S3-534020936,S3-968749656,S3-980515772
S1-693770981	
S1-694312759	S3-279714888
S1-694526898	
S1-694745232	S3-343636216,S3-590886910,S3-95989593
S1-695490495	
S1-696248999	S3-171918632
S1-696539121	S3-207378385,S3-313156909,S3-726032319,S3-804961495
S1-698822548	S3-255095836,S3-773782738,S3-901527028,S3-927960868
S1-69935419	S3-3099620,S3-695595314,S3-859553069
S1-699373004	S3-124624907,S3-651042438,S3-899519484
S1-699674629	S3-1332279
S1-7006846	
S1-700816828	S3-506819005,S3-778429748,S3-931700
S1-700865544	
S1-70100429	S3-241393378,S3-342910606
S1-702544592	S3-856160330
S1-7029542	S3-105049969,S3-193973500,S3-607855328
S1-70304206	
S1-703209922	S2-790554646
S1-704197706	S3-63704682
S1-704287978	S3-814572234,S3-838456689
S1-704316296	S3-360124195
S1-704356919	
S1-704576365	S3-295120158
S1-705324532	S3-555336504,S3-795164347
S1-705520087	
S1-705563404	S3-879543718
S1-706359294	S3-83193807
S1-706653311	S3-37860483,S3-539441118,S3-930077262
S1-707057441	S3-590714273
S1-707715160	S3-742424245,S3-790785457
S1-707782242	S3-454289303,S3-569230216
S1-707818859	S3-187061976,S3-626031187
S1-707971011	S3-40872852,S3-867988581
S1-70822873	S3-229766972,S3-641166134,S3-876123885
S1-708578140	
S1-708652258	S3-401413870,S3-779967064
S1-708861706	S3-566281227
S1-709949202	S3-12436523,S3-658123903
S1-710030819	S3-743337147
S1-710638326	
S1-710758303	
S1-710793097	S3-130520256,S3-452471420,S3-666746275,S3-792121660
S1-711120298	S3-305078788,S3-331128834,S3-740391754
S1-712162830	S3-304982736
S1-712193425	S3-353915311
S1-712418507	
S1-712961244	
S1-713162051	S3-137322306,S3-166044862,S3-234187715,S3-828346788
S1-713802937	
S1-713921409	S3-298090301,S3-401789154,S3-846742560
S1-714038427	S3-343322433,S3-446799221,S3-556092751,S3-966511608
S1-714107578	S3-192302775,S3-611225651
S1-714132312	S3-625880872,S3-867809779
S1-714405902	
S1-714693329	S3-957820698
S1-715180838	S3-918549863
S1-715816473	
S1-71595254	S3-81258170,S3-959788930
S1-716158090	S3-109211287,S3-731177179,S3-746760498
S1-716604051	S3-116353113
S1-717385838	S3-552629774
S1-719702010	S3-322855773,S3-587709941
S1-719856708	
S1-720044635	S3-800087329,S3-982197752
S1-720144600	S3-190783962,S3-656696058,S3-818194653,S3-966235768
S1-720342918	S3-256964322,S3-752725385,S3-795594265
S1-72057324	S3-442395901
S1-720831376	S3-215277739,S3-309089012,S3-649264856
S1-72100687	S3-73686409
S1-721419743	
S1-721898698	
S1-722096611	S3-27053704
S1-722291185	S2-187517712,S3-112842084,S3-733638065
S1-722352010	S2-651307835,S3-1242399,S3-523716585,S3-577083997
S1-722352499	S3-619559307
S1-722405675	S3-227661280,S3-71413445,S3-980957692
S1-722828279	
S1-722910020	
S1-723944074	S3-639799814
S1-724437303	S3-272491136
S1-724741475	S3-266723478,S3-390632769
S1-726042940	
S1-726216331	S3-234749722
S1-72706873	S2-176187828,S3-263078882,S3-490781512,S3-72404641
S1-727191101	S3-644695700
S1-727773972	S2-732339370,S3-765330242,S3-965849434
S1-729988987	S3-270827184,S3-566380869
S1-731704475	S3-134994918
S1-732240961	
S1-732418664	S3-453111684,S3-466093153
S1-73266149	S3-332798580
S1-732710021	S3-155919142,S3-227792831,S3-357671468,S3-679967549,S3-794771355
S1-73282682	S3-142350928,S3-228962631,S3-821291160
S1-733059779	S3-946526948
S1-733416826	
S1-734135891	
S1-734757381	
S1-734760847	
S1-734812559	S3-334854181,S3-450997235,S3-93063701,S3-961524303,S3-97730684
S1-735247657	S3-293262120
S1-735659158	
S1-73643688	
S1-736713159	S3-178956322,S3-321392593,S3-859036043,S3-990386412
S1-737251590	S3-35774681,S3-852038436
S1-737563674	
S1-73778505	S3-67856344
S1-739584172	S3-527496741,S3-986497548
S1-73993163	
S1-741544048	S3-65428944,S3-903562952
S1-741710803	S3-376024069,S3-697291376,S3-952693840
S1-741750910	S3-350581005,S3-525134353,S3-751629724
S1-744754397	S3-513957230,S3-723527328
S1-745156045	
S1-746205301	S3-6333652
S1-74653114	S3-114120537,S3-379527775,S3-766874987
S1-747120037	S3-148028196
S1-74797846	S3-437522772
S1-748500004	S3-249608763
S1-74852342	
S1-748925867	S3-310039070
S1-748958732	
S1-749578382	S3-638521155,S3-723136299
S1-750013601	S3-218419591,S3-448344383,S3-561209985,S3-656598933
S1-750513522	S2-855880477,S3-406123795,S3-443007804,S3-788427604
S1-751033619	S3-351742826,S3-922214514
S1-751233896	
S1-751409146	S3-229628380,S3-762215187,S3-864009858
S1-751723139	
S1-752400367	S3-109955199,S3-919786889,S3-982073635
S1-752875458	
S1-753026938	S3-423137654
S1-753404819	S3-641563134
S1-754493357	S3-511650093,S3-94158342
S1-754646322	S3-502169014,S3-552630926,S3-597334838
S1-755329516	S3-413876161,S3-885312046,S3-918875828
S1-756004955	S3-198100687,S3-407128272,S3-515879615,S3-673855523,S3-918746504,S3-922685618
S1-757099749	S3-116708387,S3-364557733
S1-757841636	S3-102795329,S3-837931456,S3-921977663
S1-758070549	S3-307632812
S1-75822229	S3-576818014
S1-758680230	S3-557955097
S1-75966225	S3-298256530,S3-414971109,S3-746780604
S1-759776207	S3-746833836
S1-759995112	S3-486246546,S3-67786041
S1-760235082	S3-223430735,S3-710306068
S1-761368811	
S1-761390259	S3-255398564,S3-320016052,S3-378588094,S3-487409212,S3-573584286,S3-760301268,S3-948803354
S1-762005078	S3-582060418
S1-762149211	S3-3958365
S1-762932201	S3-154715427,S3-227482697,S3-50015588,S3-855766613,S3-957376759
S1-763337051	S3-692688638,S3-719293143
S1-764083611	S3-187738004
S1-764707596	S3-152197289,S3-925445120
S1-764769373	
S1-764863930	S3-350227881,S3-722453044,S3-882490748
S1-765122448	S3-320090764
S1-76531594	
S1-765635423	S3-467307742
S1-765730633	S2-76591693
S1-766358539	S3-21545897,S3-42300290,S3-582609184
S1-766564913	S3-446971382,S3-999830274
S1-766671436	S3-263589245
S1-767519231	S3-282094579,S3-822522414
S1-767810572	S3-42218741,S3-440040190,S3-694901357,S3-879010684
S1-76845158	S3-106465498,S3-471471579,S3-990228041
S1-768908939	S3-175370523
S1-76891238	S3-238597775,S3-602648144
S1-768955107	S3-886639191
S1-769735105	S3-410226331,S3-513331917,S3-68590631
S1-770249650	S3-722709443
S1-770981108	S3-763884176
S1-772023141	S2-900738223
S1-772179239	S3-629333442,S3-904427362,S3-950957060
S1-772195807	S3-759296958
S1-772204055	S3-388664178
S1-772559589	S3-227365143,S3-523169640,S3-68216201,S3-804049460
S1-773701187	S3-558474013,S3-770662385
S1-773756859	
S1-77383698	S3-556176569
S1-774719750	S3-299561614,S3-596238881,S3-977473131
S1-775486611	
S1-775742331	S3-239397929,S3-256695435,S3-316406654,S3-586686709
S1-77608143	
S1-776766139	S3-341514325
S1-777198956	S3-926322901
S1-778630887	S3-103392578,S3-683393227,S3-923859275
S1-778640743	S3-467616579
S1-77867111	
S1-778806346	
S1-778974909	
S1-779657425	
S1-7803700	S3-305773246,S3-558491363,S3-81086300
S1-780500237	S3-118281734,S3-607779904
S1-780637204	S3-650899478
S1-780823360	S3-306526510,S3-768221888
S1-781757601	S3-206636125
S1-78181547	S3-110130385,S3-166469939,S3-29652287
S1-781854374	
S1-78249158	S3-456024039,S3-668880855
S1-782786878	S3-165941105,S3-441074741
S1-783152393	
S1-783895561	S3-244648613
S1-784856932	S3-752389574,S3-938437052,S3-990396655
S1-785725841	S3-251551449,S3-569583897
S1-786350920	S3-696202144
S1-787255287	S3-330106508,S3-337892769,S3-633511997
S1-78728267	S3-250187940,S3-768860985
S1-787806823	S3-613655054
S1-788291440	S2-429287855,S3-590008765,S3-753279066,S3-952285883
S1-788848138	S3-252602797,S3-810026564
S1-789299592	
S1-789310261	S3-721160512
S1-789329713	S3-909547885
S1-789610510	S3-122755217,S3-491320641,S3-987711852
S1-789788578	S3-252590723
S1-789950452	S3-586524169
S1-790075030	S3-478897289
S1-790149645	S3-971394607
S1-790521318	
S1-791059997	
S1-791620172	S3-78392100
S1-792917107	S3-119311969,S3-845755424
S1-793181812	
S1-793811432	S3-351086984,S3-907082818
S1-793882586	
S1-794287339	S3-342311088,S3-760713895,S3-852602544
S1-794708034	S3-466022122,S3-930497632
S1-795051867	S3-10033147
S1-795351282	S3-42434432
S1-795462117	S2-500293977
S1-795981518	S3-605239225
S1-796461188	S3-384381925,S3-471510304,S3-483224574
S1-796868772	S3-740227266,S3-884689065
S1-796914922	S3-229409963,S3-626377428
S1-797641464	S3-236618841,S3-956612425
S1-797699772	S3-117640554,S3-313550081,S3-484016656
S1-79772049	S3-128856513,S3-143161156
S1-798150224	
S1-798493930	S3-176209574,S3-479344652,S3-746728783
S1-798806688	
S1-799180442	S3-947653416
S1-799612793	
S1-800911534	S3-633392691
S1-801380047	S3-750520882
S1-802501899	S3-412622440,S3-514315894
S1-802693565	S3-571809090,S3-697175147
S1-803016938	S3-2846830,S3-495894271,S3-982121348
S1-803723987	S2-233697931,S3-572249876,S3-780365732
S1-804329115	S3-507572730,S3-608215794
S1-806564703	S3-994302354
S1-807004356	
S1-807232527	S3-55687785,S3-985792435
S1-807365014	S3-613052295
S1-808794467	S3-144816318,S3-194019715,S3-887429767
S1-808949240	S3-431631814
S1-809539941	S3-978352962
S1-810475222	
S1-811085440	S3-642020680
S1-811366506	S3-891395164
S1-811605597	S3-563969465
S1-811792604	
S1-81314470	S3-393586638,S3-430859227,S3-50893339
S1-813286509	S3-685461018
S1-814013173	S3-330719827,S3-747150774
S1-814203751	
S1-815211774	
S1-815745564	S3-154012127
S1-815790585	S3-137571109,S3-49757710
S1-815997621	S3-195982981,S3-217452759,S3-542235540,S3-697118389
S1-817120518	S3-804281772
S1-818450767	
S1-818470647	S3-510083948
S1-818676850	S3-210030834,S3-479361649,S3-557284562,S3-692774896,S3-729385631
S1-819007632	S3-337664139,S3-654876790
S1-819390353	S3-115843901,S3-204097882,S3-993419690
S1-820268321	
S1-820627896	S3-209046674
S1-820730560	
S1-820877559	S3-538718785,S3-845297875
S1-820965839	S3-576244899,S3-969640996
S1-821625770	S3-926971856
S1-822340043	S3-276919674,S3-853879397
S1-822492976	S3-334762894,S3-631186728
S1-822935443	S3-530441200,S3-659135466
S1-824617286	
S1-826309390	S2-756549124,S3-504224215,S3-642831712,S3-926516703
S1-827116132	S3-125694775,S3-693759955,S3-727604647
S1-82714362	S3-220608549,S3-288695441,S3-469905314,S3-473982393
S1-827303594	S3-60779992
S1-827619379	S3-294755020
S1-827710942	S3-245004248
S1-827720771	S3-130018273,S3-253794027,S3-266589742,S3-380255119,S3-651803030,S3-782291309
S1-827808098	S3-118869137,S3-698679561
S1-827940519	S3-264961924,S3-355165962,S3-619449822,S3-747428959
S1-828397431	S3-606548569,S3-615575974,S3-687935019
S1-828526849	S3-441348245
S1-830121570	S3-293868520,S3-70040075
S1-830159632	S3-438419239,S3-575423218
S1-831250685	
S1-831508195	S3-497292140
S1-831693491	
S1-83196111	S3-586636977,S3-76780381
S1-832575972	S3-408043121
S1-833215770	S3-474266901,S3-889283179
S1-834257002	S3-677107608
S1-834491272	S2-64241873,S3-73238929
S1-83467231	S3-432859387
S1-834900493	S3-240351796,S3-346551667
S1-835496695	
S1-835771729	
S1-837067731	S3-686735217
S1-837487059	S3-206994705,S3-631730780,S3-910269562
S1-83831401	
S1-838980856	
S1-840112070	S3-595049940,S3-64413558,S3-809374387
S1-840340606	S3-670619408
S1-840718013	S3-289913853,S3-507536927
S1-840822199	
S1-841168517	S2-881658089,S3-796810596
S1-841376643	S3-263966793
S1-841952191	S3-27742174,S3-341543436,S3-961983971
S1-842022304	S3-477370581,S3-758518620,S3-950158280
S1-842134202	S3-424968801
S1-842551642	
S1-842706082	S3-552137504
S1-84313892	S3-53198409,S3-846361420
S1-843142354	S3-49875196
S1-843460748	
S1-843566558	S3-925601029,S3-935441120
S1-843789631	S3-192669786,S3-22180882
S1-843812261	S3-979107506
S1-844617434	
S1-8453945	S3-393216110,S3-860539124
S1-845582955	
S1-846336917	S2-31947215,S2-373747956,S2-735067793,S2-855222725,S3-729076020
S1-847079404	S3-196348453,S3-413897963,S3-439781485,S3-947656255
S1-847114478	S3-31417382,S3-469034058,S3-729259453
S1-847130154	S3-671859576,S3-82751484,S3-968212869
S1-847186076	
S1-847388061	S3-785248459,S3-92059617
S1-847877954	S3-417953232,S3-434083795,S3-453891768,S3-45656796,S3-458506983
S1-848086160	
S1-848293840	S3-200269765,S3-270115458,S3-841358941,S3-976990015
S1-84897919	S3-874945490
S1-84937106	S3-224698641,S3-433403501,S3-878905455,S3-984096182
S1-849630374	S3-379348282,S3-778666281,S3-887809624
S1-850523705	S3-611637088,S3-918320543,S3-944687015
S1-851478447	
S1-852148273	
S1-85238196	S3-788905252,S3-84005391
S1-852435036	S3-817113901,S3-983146646
S1-852712186	
S1-852765716	S2-897857908,S3-67423520,S3-795883337
S1-852992971	S3-612878211
S1-853386683	
S1-85364847	S3-576239965,S3-578295162,S3-765782975,S3-973662912
S1-854128353	S2-16354256,S3-107915971,S3-274964045,S3-340872025
S1-854954412	S3-311354247,S3-373623487
S1-855467918	S3-10267595
S1-855921293	S2-453788007,S3-116350,S3-123904240,S3-224516671
S1-856200540	
S1-856331133	S3-530372671,S3-802422528
S1-856914555	S3-868558321
S1-857527510	
S1-85809986	S3-768124944
S1-858628875	
S1-85870193	S3-123392019
S1-859110458	
S1-859200891	
S1-859582945	S3-591988098,S3-858993467,S3-936480828
S1-859753923	S3-280267697,S3-352123173
S1-859762607	S3-343692852,S3-349726010,S3-701957870,S3-902571271
S1-860482342	S3-677464690
S1-860696171	S3-135093994
S1-861034415	S3-436182674,S3-476399611,S3-524281542,S3-905442944,S3-945993215
S1-861410915	S3-732005608
S1-861535329	S3-50038537,S3-723801745,S3-829276507
S1-861621963	S3-190384804,S3-540054728
S1-86163193	S3-24349166,S3-309349499,S3-565391702,S3-850395968
S1-864093388	S3-276539131
S1-864434067	S3-142336886,S3-92924996,S3-939044442
S1-864694587	S3-938507911
S1-865010662	S3-790760985
S1-865063383	S3-550346279
S1-865199232	S3-394611619,S3-696371621,S3-856399903
S1-865952045	S3-562911114,S3-569849622
S1-866176572	S3-187502688,S3-428669341,S3-555444427,S3-570261871,S3-693383866
S1-866533397	S3-801933056,S3-920963411
S1-866705481	
S1-86727305	S3-510391759,S3-652509365,S3-769886747
S1-867937984	S3-304796871,S3-328930680
S1-868125971	S3-589933138,S3-968760778
S1-868191449	S3-259794781,S3-41772664,S3-845378151
S1-86848871	S3-448508814,S3-625545992,S3-693921137
S1-868609391	S3-550303365
S1-869422569	S3-327805350
S1-869536495	
S1-870309113	S3-153614493,S3-192165399,S3-200795467,S3-209924997,S3-706760438,S3-907848864
S1-870487318	
S1-870654726	
S1-870670114	S3-548833394
S1-87074407	S3-317843636,S3-858458140
S1-871104119	S3-336986351,S3-401846201
S1-871544882	S3-500127849
S1-871733171	
S1-871741603	S3-123972801,S3-579038681,S3-891059665
S1-872080679	S3-358236711,S3-934881752
S1-872193644	S3-996073952
S1-873024427	S3-485896967
S1-873761236	
S1-874643981	S3-973199741
S1-874715914	
S1-875777939	S3-278145035,S3-300693225,S3-785706866,S3-921257055
S1-876054052	
S1-8764161	S3-112335607,S3-168437867
S1-87744471	
S1-878067865	S3-127669638,S3-288367510,S3-432086255,S3-75213244,S3-966297363
S1-878141277	S3-40426386,S3-557678911
S1-878151669	
S1-87832748	
S1-878859622	S3-150271545
S1-878939311	S3-309028933,S3-621536173
S1-87921766	S3-603163091
S1-879349665	S3-261230315,S3-628830219,S3-718804978
S1-879751758	S3-462608848,S3-580815017,S3-676576156
S1-880992972	S3-295667348,S3-443918444,S3-678002540,S3-68855161,S3-991537379
S1-881448333	S3-385923718,S3-734730058
S1-88174520	
S1-88212232	S3-236501413,S3-471729500,S3-510367451,S3-998834702
S1-882407636	
S1-882669829	S3-513272790
S1-882791035	
S1-88279846	S3-972328909
S1-883034077	S3-652861204
S1-883081132	S3-634772424
S1-884660527	S3-32149338,S3-38490669,S3-763465822
S1-88597680	
S1-887231299	S3-349656828,S3-367615479
S1-887500171	S3-229248131,S3-744522102,S3-784329278
S1-888351367	S3-105010116
S1-890706904	S3-218234217,S3-863750126,S3-907266765
S1-89072332	S3-180638962,S3-716605117
S1-890842089	
S1-89100953	S2-972087927,S3-721010933
S1-891218052	S3-110370419
S1-891460771	
S1-891690675	S2-17678839
S1-891889902	S3-271180247
S1-891933117	S3-63786449,S3-960623931
S1-89205129	S3-103917868,S3-224768267,S3-749918323
S1-892135269	
S1-892745196	S3-257444844
S1-893092262	
S1-893139601	
S1-893217388	S3-833633783,S3-848753551,S3-937157284
S1-893246797	S3-146372503,S3-680821674
S1-893501608	S3-236029314
S1-89393216	S3-784973791
S1-89412875	S3-161821105,S3-176974978,S3-437157607,S3-715238294
S1-89417798	S3-513583798,S3-783265269
S1-894253368	S3-230430174,S3-610078826
S1-894331989	S3-276486220,S3-978454108
S1-894359148	S3-606144528
S1-894657764	
S1-895155435	S3-279771653
S1-895967181	
S1-896638514	
S1-898097340	
S1-899317092	S3-751418656
S1-899948712	
S1-90015848	S3-71420798
S1-90068723	S3-650836107
S1-901504091	S3-383490660,S3-762554889
S1-901582927	S3-116874475,S3-552737308,S3-791336529
S1-903012706	S3-197184087
S1-903659052	S3-115847774,S3-473992084,S3-936150457
S1-903791016	S3-179758198
S1-904484315	
S1-905148640	
S1-905520099	S3-528188605,S3-631944229
S1-90601541	S3-960716556
S1-906946241	S3-436122582,S3-763658961
S1-907766936	
S1-908010474	S3-458030928,S3-634410525,S3-836271937,S3-836812416
S1-90810075	
S1-908175143	S3-210370135,S3-782660589
S1-908289013	S3-458990562,S3-683197953
S1-908361288	S3-805463856
S1-908708575	S3-153970352
S1-909865979	S3-699465428
S1-910004085	S2-151429693,S3-49235119
S1-910193711	S3-498895960,S3-714335125,S3-935335077
S1-910462832	S3-334622898
S1-910799639	S3-376576130
S1-9115681	S3-848074352
S1-912466200	S3-120291678,S3-171227117,S3-758162267
S1-91272340	S3-217776333,S3-345336986,S3-404790927,S3-520128191,S3-818632277
S1-913516047	S3-410596309
S1-91386465	
S1-914455456	S3-192760126,S3-559002331,S3-614687427
S1-914691989	
S1-914708175	S3-818259858
S1-915512126	S3-176140138,S3-704943458
S1-916370847	S3-600376778,S3-63753451
S1-917054737	S3-269961188,S3-340086735,S3-467282938,S3-773665440
S1-918042303	S3-425941079,S3-845848233
S1-918109974	S3-288692994,S3-579849100,S3-604968655,S3-622084470
S1-918398280	S3-26495049,S3-710338552,S3-923672435
S1-918415367	S3-592289260
S1-920390520	S3-530060177,S3-849299141
S1-921219340	S3-10640120
S1-921803281	
S1-921973778	S3-522609511,S3-708939220
S1-923161793	S2-226715256
S1-923533895	S3-177858687,S3-819001814,S3-930068406
S1-923688134	S3-461239707
S1-923766391	S3-746728066
S1-924365582	S3-35020177,S3-793864506
S1-924818276	
S1-925379729	S3-741572722,S3-926760629
S1-92547088	S3-629127911,S3-908786586
S1-926668259	
S1-926971348	S3-108674023,S3-56621257
S1-927028827	
S1-927419156	S3-553823533
S1-927630329	S3-607261236,S3-774208519,S3-818606495,S3-867780580
S1-92777166	S3-398898032
S1-929506556	S3-992617831
S1-929601844	
S1-930501805	S3-391330203,S3-479069612,S3-870972432
S1-930848316	S3-311363184,S3-345187814,S3-574007925
S1-931367248	S3-150367466,S3-197677212,S3-331420299,S3-588196108,S3-711125147,S3-885519874
S1-931643626	S3-631328117,S3-779803411
S1-931909177	S3-764030115
S1-932388302	S3-209622271
S1-932632094	S3-472378981,S3-803770119,S3-923937042
S1-932751177	S3-29010100,S3-546489480,S3-691642971
S1-93342694	S3-145970223,S3-280800033,S3-7048732
S1-933547891	S3-150846156,S3-217076870,S3-760412375,S3-836008212
S1-934069854	S3-660000695
S1-934120966	S3-4437090
S1-935251945	
S1-935953663	S3-445850071,S3-556211583
S1-935996580	
S1-936273608	S3-251802641,S3-637647308,S3-969260906
S1-936691659	S3-248646118
S1-936895659	S3-206940442,S3-260875206,S3-303885170,S3-503598400
S1-937349180	S3-636253579
S1-937797030	
S1-938473594	S3-305195682,S3-333604380
S1-940295297	
S1-940849754	
S1-94096071	S3-190858281,S3-5072979,S3-517316373,S3-920819522
S1-941927098	S3-721301773,S3-94289489,S3-962332856
S1-942180728	S3-481129684
S1-942551171	S3-455590953,S3-586987306
S1-9432156	S3-118196150,S3-32530876,S3-44280638
S1-943539291	S3-65618433
S1-94446158	S3-301704875,S3-585508696
S1-94503331	S3-133802843,S3-51375091,S3-575116062
S1-945360391	S3-319877442,S3-707342363,S3-852985249
S1-945451740	S3-171964355,S3-592218744,S3-736736237
S1-945590651	S3-907064387
S1-945611757	
S1-945635215	S3-211705955,S3-825612881,S3-829338861
S1-945978335	S3-217661317
S1-946184931	
S1-94643371	S3-345226584
S1-946474334	S3-15958180,S3-20920187
S1-947236975	
S1-947779057	S3-3532457,S3-54066974,S3-958089258
S1-948766817	S2-211417633,S3-151348532,S3-29213628
S1-949091955	S2-398889556,S3-609791410
S1-949674365	S3-392940138
S1-949970105	S3-90477790
S1-950006929	S3-844956483
S1-951857419	S3-192161864,S3-611166199,S3-760041197
S1-952064431	
S1-952237901	S3-395757918,S3-690177193,S3-759817776
S1-952347082	S3-802628802,S3-941053772
S1-952390528	S3-263771190
S1-953380015	S3-594239966,S3-654755883,S3-828255586
S1-953911980	
S1-954269341	S3-395711011
S1-954686152	
S1-954748968	S3-750916875
S1-955714374	S3-288127503
S1-956574846	S3-730821151
S1-956897563	S3-622766473
S1-957064394	S3-28074626
S1-957109842	S3-34191363
S1-957406280	S3-366594749,S3-403954817
S1-957589085	S3-960865609
S1-95763054	
S1-957847859	S3-268461169,S3-704677237
S1-958280097	S3-134912169,S3-241171706,S3-793200472
S1-958298659	
S1-958479038	
S1-958709603	S3-62253738,S3-99342904
S1-959619170	S3-108332775,S3-258227890
S1-959970495	S3-135769380,S3-365836156,S3-534458986
S1-960190946	S3-321718782,S3-827478174
S1-961945355	S3-92446620
S1-962435320	S3-421191167
S1-962443808	S3-769796407
S1-962584150	
S1-962624367	S3-154678231
S1-962765467	S3-525067830,S3-730896986
S1-963671687	S3-31273478,S3-598371266,S3-939910031
S1-964226683	S3-436531308,S3-69025590
S1-964594680	S3-25949700,S3-288268824
S1-964954120	
S1-964999068	
S1-965520197	S3-791320491
S1-965850934	S3-293416623,S3-985864032
S1-966001048	S3-280784156,S3-629302055,S3-799300649
S1-966266474	
S1-967010440	S2-881725903
S1-967158718	S3-170989202,S3-281574687,S3-447986421
S1-967759454	S3-104949871,S3-367798979,S3-930943452
S1-967880568	
S1-969839525	S3-176841680,S3-435705935
S1-970065533	S3-43968305
S1-970312484	S3-196682376,S3-362306728,S3-849237181,S3-895042743
S1-971983143	S3-54723686,S3-62853599
S1-972147487	
S1-972328749	S3-529023312,S3-713888591
S1-972329925	
S1-972648437	S3-597683219,S3-687805636
S1-973133967	S3-630872867,S3-936754916
S1-973621705	
S1-974714244	S3-579126433
S1-974715983	S2-290176976,S3-262762850
S1-974732084	S3-923420919
S1-976222540	S3-106236904,S3-312088530,S3-325221834
S1-976360354	
S1-977364599	S3-244143137
S1-977549219	S3-763929456
S1-978004735	
S1-979547986	S3-542159363
S1-979671520	S3-934816672
S1-979938930	
S1-980004950	S3-219001004,S3-450188859
S1-980215837	S3-378570516,S3-529236726,S3-683869351,S3-835272375
S1-980227505	
S1-980287383	S3-286026571,S3-759973738
S1-980756920	S3-159813384,S3-329365261,S3-366844320,S3-985946544
S1-981111877	S3-472526274,S3-778140040,S3-919908814
S1-981915508	S3-768733857
S1-982703254	S3-923552726,S3-988023041
S1-983022047	S3-232919641,S3-586188414,S3-626620494,S3-714810251,S3-757450407
S1-98328044	
S1-98346704	S3-186234592,S3-647665561
S1-983819279	S3-381086524,S3-411332362,S3-894193993
S1-983829962	S3-152924100
S1-984023821	
S1-984276929	S3-118323350,S3-334289001,S3-929718851
S1-984503844	
S1-985849844	S3-993687199
S1-985953119	S3-533447014
S1-98628717	S3-788148736,S3-904029702
S1-986774734	S3-443926428,S3-561644434,S3-580617840
S1-987506440	S3-337554083
S1-988087649	S3-5475903,S3-909963805
S1-98839828	S3-556441508,S3-637889312,S3-924555067
S1-989372371	
S1-989490225	S3-178133847,S3-187682705,S3-465823580
S1-990853535	
S1-990859962	S3-264460096,S3-670005827,S3-814266863,S3-90485422
S1-991875825	
S1-992285010	S3-823215288
S1-992701292	S3-303724324
S1-992803857	S3-50853469
S1-992851450	S3-531249305
S1-992882963	S3-582395212
S1-992938686	
S1-993077036	S3-53785939,S3-573086809
S1-993725575	
S1-994243930	
S1-994837554	S3-13696350,S3-439242751
S1-995196933	S3-157932804,S3-685128436
S1-996291079	S3-599144122,S3-603394817
S1-996768452	S3-179841498,S3-249182898,S3-466769487,S3-649099282,S3-678548132
S1-99954607	S3-353087549,S3-895886094
S1-999770008	S3-104234799,S3-234204078,S3-532991011
